Start Date,End Date,Heart Rate,Source,Device
2024-09-05T10:16:10Z,2024-09-05T10:16:10Z,147,马林康的Apple Watch,Apple Watch
2024-09-05T10:16:15Z,2024-09-05T10:16:15Z,140,马林康的Apple Watch,Apple Watch
2024-09-05T10:16:20Z,2024-09-05T10:16:20Z,131,马林康的Apple Watch,Apple Watch
2024-09-05T10:16:22Z,2024-09-05T10:16:22Z,128,马林康的Apple Watch,Apple Watch
2024-09-05T10:16:31Z,2024-09-05T10:16:31Z,120,马林康的Apple Watch,Apple Watch
2024-09-05T10:16:42Z,2024-09-05T10:16:42Z,122,马林康的Apple Watch,Apple Watch
2024-09-05T10:16:47Z,2024-09-05T10:16:47Z,127,马林康的Apple Watch,Apple Watch
2024-09-05T10:16:52Z,2024-09-05T10:16:52Z,133,马林康的Apple Watch,Apple Watch
2024-09-05T10:16:57Z,2024-09-05T10:16:57Z,137,马林康的Apple Watch,Apple Watch
2024-09-05T10:17:11Z,2024-09-05T10:17:11Z,147,马林康的Apple Watch,Apple Watch
2024-09-05T10:17:28Z,2024-09-05T10:17:28Z,152,马林康的Apple Watch,Apple Watch
2024-09-05T10:17:37Z,2024-09-05T10:17:37Z,153,马林康的Apple Watch,Apple Watch
2024-09-05T10:17:42Z,2024-09-05T10:17:42Z,153,马林康的Apple Watch,Apple Watch
2024-09-05T10:17:49Z,2024-09-05T10:17:49Z,154,马林康的Apple Watch,Apple Watch
2024-09-05T10:18:02Z,2024-09-05T10:18:02Z,155,马林康的Apple Watch,Apple Watch
2024-09-05T10:18:17Z,2024-09-05T10:18:17Z,157,马林康的Apple Watch,Apple Watch
2024-09-05T10:18:19Z,2024-09-05T10:18:19Z,156,马林康的Apple Watch,Apple Watch
2024-09-05T10:19:12Z,2024-09-05T10:19:12Z,153,马林康的Apple Watch,Apple Watch
2024-09-05T10:19:53Z,2024-09-05T10:19:53Z,152,马林康的Apple Watch,Apple Watch
2024-09-05T10:20:01Z,2024-09-05T10:20:01Z,152,马林康的Apple Watch,Apple Watch
2024-09-05T10:20:07Z,2024-09-05T10:20:07Z,153,马林康的Apple Watch,Apple Watch
2024-09-05T10:20:36Z,2024-09-05T10:20:36Z,149,马林康的Apple Watch,Apple Watch
2024-09-05T10:22:42Z,2024-09-05T10:22:42Z,151,马林康的Apple Watch,Apple Watch
2024-09-05T10:23:43Z,2024-09-05T10:23:43Z,151,马林康的Apple Watch,Apple Watch
2024-09-05T10:23:53Z,2024-09-05T10:23:53Z,152,马林康的Apple Watch,Apple Watch
2024-09-05T10:23:55Z,2024-09-05T10:23:55Z,152,马林康的Apple Watch,Apple Watch
2024-09-05T10:23:59Z,2024-09-05T10:23:59Z,153,马林康的Apple Watch,Apple Watch
2024-09-05T10:24:06Z,2024-09-05T10:24:06Z,153,马林康的Apple Watch,Apple Watch
2024-09-05T10:24:13Z,2024-09-05T10:24:13Z,154,马林康的Apple Watch,Apple Watch
2024-09-05T10:24:18Z,2024-09-05T10:24:18Z,153,马林康的Apple Watch,Apple Watch
2024-09-05T10:24:22Z,2024-09-05T10:24:22Z,149,马林康的Apple Watch,Apple Watch
2024-09-05T10:24:27Z,2024-09-05T10:24:27Z,149,马林康的Apple Watch,Apple Watch
2024-09-05T10:24:39Z,2024-09-05T10:24:39Z,150,马林康的Apple Watch,Apple Watch
2024-09-05T10:24:44Z,2024-09-05T10:24:44Z,151,马林康的Apple Watch,Apple Watch
2024-09-05T10:24:49Z,2024-09-05T10:24:49Z,152,马林康的Apple Watch,Apple Watch
2024-09-05T10:24:57Z,2024-09-05T10:24:57Z,152,马林康的Apple Watch,Apple Watch
2024-09-05T10:24:59Z,2024-09-05T10:24:59Z,152,马林康的Apple Watch,Apple Watch
2024-09-05T10:25:04Z,2024-09-05T10:25:04Z,152,马林康的Apple Watch,Apple Watch
2024-09-05T10:25:13Z,2024-09-05T10:25:13Z,153,马林康的Apple Watch,Apple Watch
2024-09-05T10:25:18Z,2024-09-05T10:25:18Z,154,马林康的Apple Watch,Apple Watch
2024-09-05T10:25:23Z,2024-09-05T10:25:23Z,155,马林康的Apple Watch,Apple Watch
2024-09-05T10:25:24Z,2024-09-05T10:25:24Z,155,马林康的Apple Watch,Apple Watch
2024-09-05T10:25:29Z,2024-09-05T10:25:29Z,155,马林康的Apple Watch,Apple Watch
2024-09-05T10:25:36Z,2024-09-05T10:25:36Z,155,马林康的Apple Watch,Apple Watch
2024-09-05T10:25:43Z,2024-09-05T10:25:43Z,154,马林康的Apple Watch,Apple Watch
2024-09-05T10:25:44Z,2024-09-05T10:25:44Z,155,马林康的Apple Watch,Apple Watch
2024-09-05T10:25:52Z,2024-09-05T10:25:52Z,152,马林康的Apple Watch,Apple Watch
2024-09-05T10:26:50Z,2024-09-05T10:26:50Z,152,马林康的Apple Watch,Apple Watch
2024-09-05T10:27:06Z,2024-09-05T10:27:06Z,153,马林康的Apple Watch,Apple Watch
2024-09-05T10:27:11Z,2024-09-05T10:27:11Z,153,马林康的Apple Watch,Apple Watch
2024-09-05T10:27:16Z,2024-09-05T10:27:16Z,154,马林康的Apple Watch,Apple Watch
2024-09-05T10:27:22Z,2024-09-05T10:27:22Z,153,马林康的Apple Watch,Apple Watch
2024-09-05T10:27:25Z,2024-09-05T10:27:25Z,154,马林康的Apple Watch,Apple Watch
2024-09-05T10:27:33Z,2024-09-05T10:27:33Z,154,马林康的Apple Watch,Apple Watch
2024-09-05T10:28:01Z,2024-09-05T10:28:01Z,153,马林康的Apple Watch,Apple Watch
2024-09-05T10:28:06Z,2024-09-05T10:28:06Z,152,马林康的Apple Watch,Apple Watch
2024-09-05T10:28:10Z,2024-09-05T10:28:10Z,153,马林康的Apple Watch,Apple Watch
2024-09-05T10:28:14Z,2024-09-05T10:28:14Z,153,马林康的Apple Watch,Apple Watch
2024-09-05T10:28:23Z,2024-09-05T10:28:23Z,154,马林康的Apple Watch,Apple Watch
2024-09-05T10:28:28Z,2024-09-05T10:28:28Z,153,马林康的Apple Watch,Apple Watch
2024-09-05T10:28:33Z,2024-09-05T10:28:33Z,154,马林康的Apple Watch,Apple Watch
2024-09-05T10:28:34Z,2024-09-05T10:28:34Z,154,马林康的Apple Watch,Apple Watch
2024-09-05T10:28:50Z,2024-09-05T10:28:50Z,153,马林康的Apple Watch,Apple Watch
2024-09-05T10:30:00Z,2024-09-05T10:30:00Z,153,马林康的Apple Watch,Apple Watch
2024-09-05T10:30:04Z,2024-09-05T10:30:04Z,154,马林康的Apple Watch,Apple Watch
2024-09-05T10:30:20Z,2024-09-05T10:30:20Z,155,马林康的Apple Watch,Apple Watch
2024-09-05T10:30:25Z,2024-09-05T10:30:25Z,156,马林康的Apple Watch,Apple Watch
2024-09-05T10:31:15Z,2024-09-05T10:31:15Z,153,马林康的Apple Watch,Apple Watch
2024-09-05T10:31:38Z,2024-09-05T10:31:38Z,152,马林康的Apple Watch,Apple Watch
2024-09-05T10:31:43Z,2024-09-05T10:31:43Z,147,马林康的Apple Watch,Apple Watch
2024-09-05T10:31:44Z,2024-09-05T10:31:44Z,146,马林康的Apple Watch,Apple Watch
2024-09-05T10:31:49Z,2024-09-05T10:31:49Z,139,马林康的Apple Watch,Apple Watch
2024-09-05T10:31:54Z,2024-09-05T10:31:54Z,137,马林康的Apple Watch,Apple Watch
2024-09-05T10:32:03Z,2024-09-05T10:32:03Z,145,马林康的Apple Watch,Apple Watch
2024-09-05T10:32:08Z,2024-09-05T10:32:08Z,148,马林康的Apple Watch,Apple Watch
2024-09-05T10:32:09Z,2024-09-05T10:32:09Z,149,马林康的Apple Watch,Apple Watch
2024-09-05T10:32:29Z,2024-09-05T10:32:29Z,150,马林康的Apple Watch,Apple Watch
2024-09-05T10:32:34Z,2024-09-05T10:32:34Z,150,马林康的Apple Watch,Apple Watch
2024-09-05T10:32:43Z,2024-09-05T10:32:43Z,152,马林康的Apple Watch,Apple Watch
2024-09-05T10:32:45Z,2024-09-05T10:32:45Z,152,马林康的Apple Watch,Apple Watch
2024-09-05T10:32:53Z,2024-09-05T10:32:53Z,150,马林康的Apple Watch,Apple Watch
2024-09-05T10:32:58Z,2024-09-05T10:32:58Z,150,马林康的Apple Watch,Apple Watch
2024-09-05T10:33:03Z,2024-09-05T10:33:03Z,151,马林康的Apple Watch,Apple Watch
2024-09-05T10:33:05Z,2024-09-05T10:33:05Z,152,马林康的Apple Watch,Apple Watch
2024-09-05T10:33:09Z,2024-09-05T10:33:09Z,153,马林康的Apple Watch,Apple Watch
2024-09-05T10:33:18Z,2024-09-05T10:33:18Z,155,马林康的Apple Watch,Apple Watch
2024-09-05T10:33:21Z,2024-09-05T10:33:21Z,156,马林康的Apple Watch,Apple Watch
2024-09-05T10:33:27Z,2024-09-05T10:33:27Z,157,马林康的Apple Watch,Apple Watch
2024-09-05T10:33:29Z,2024-09-05T10:33:29Z,156,马林康的Apple Watch,Apple Watch
2024-09-05T10:33:34Z,2024-09-05T10:33:34Z,157,马林康的Apple Watch,Apple Watch
2024-09-05T10:33:49Z,2024-09-05T10:33:49Z,158,马林康的Apple Watch,Apple Watch
2024-09-05T10:33:57Z,2024-09-05T10:33:57Z,159,马林康的Apple Watch,Apple Watch
2024-09-05T10:34:03Z,2024-09-05T10:34:03Z,159,马林康的Apple Watch,Apple Watch
2024-09-05T10:34:05Z,2024-09-05T10:34:05Z,159,马林康的Apple Watch,Apple Watch
2024-09-05T10:34:13Z,2024-09-05T10:34:13Z,159,马林康的Apple Watch,Apple Watch
2024-09-05T10:34:18Z,2024-09-05T10:34:18Z,159,马林康的Apple Watch,Apple Watch
2024-09-05T10:34:23Z,2024-09-05T10:34:23Z,158,马林康的Apple Watch,Apple Watch
2024-09-05T10:34:26Z,2024-09-05T10:34:26Z,158,马林康的Apple Watch,Apple Watch
2024-09-05T10:34:30Z,2024-09-05T10:34:30Z,158,马林康的Apple Watch,Apple Watch
2024-09-05T10:34:38Z,2024-09-05T10:34:38Z,158,马林康的Apple Watch,Apple Watch
2024-09-05T10:34:40Z,2024-09-05T10:34:40Z,158,马林康的Apple Watch,Apple Watch
2024-09-05T10:34:45Z,2024-09-05T10:34:45Z,157,马林康的Apple Watch,Apple Watch
2024-09-05T10:34:49Z,2024-09-05T10:34:49Z,157,马林康的Apple Watch,Apple Watch
2024-09-05T10:34:54Z,2024-09-05T10:34:54Z,157,马林康的Apple Watch,Apple Watch
2024-09-05T10:34:59Z,2024-09-05T10:34:59Z,158,马林康的Apple Watch,Apple Watch
2024-09-05T10:35:04Z,2024-09-05T10:35:04Z,158,马林康的Apple Watch,Apple Watch
2024-09-05T10:35:09Z,2024-09-05T10:35:09Z,159,马林康的Apple Watch,Apple Watch
2024-09-05T10:35:14Z,2024-09-05T10:35:14Z,158,马林康的Apple Watch,Apple Watch
2024-09-05T10:35:23Z,2024-09-05T10:35:23Z,157,马林康的Apple Watch,Apple Watch
2024-09-05T10:35:26Z,2024-09-05T10:35:26Z,156,马林康的Apple Watch,Apple Watch
2024-09-05T10:35:29Z,2024-09-05T10:35:29Z,156,马林康的Apple Watch,Apple Watch
2024-09-05T10:35:34Z,2024-09-05T10:35:34Z,155,马林康的Apple Watch,Apple Watch
2024-09-05T10:35:42Z,2024-09-05T10:35:42Z,157,马林康的Apple Watch,Apple Watch
2024-09-05T10:35:46Z,2024-09-05T10:35:46Z,156,马林康的Apple Watch,Apple Watch
2024-09-05T10:35:53Z,2024-09-05T10:35:53Z,156,马林康的Apple Watch,Apple Watch
2024-09-05T10:35:54Z,2024-09-05T10:35:54Z,156,马林康的Apple Watch,Apple Watch
2024-09-05T10:36:00Z,2024-09-05T10:36:00Z,156,马林康的Apple Watch,Apple Watch
2024-09-05T10:36:07Z,2024-09-05T10:36:07Z,157,马林康的Apple Watch,Apple Watch
2024-09-05T10:36:09Z,2024-09-05T10:36:09Z,157,马林康的Apple Watch,Apple Watch
2024-09-05T10:36:18Z,2024-09-05T10:36:18Z,158,马林康的Apple Watch,Apple Watch
2024-09-05T10:36:23Z,2024-09-05T10:36:23Z,159,马林康的Apple Watch,Apple Watch
2024-09-05T10:36:25Z,2024-09-05T10:36:25Z,160,马林康的Apple Watch,Apple Watch
2024-09-05T10:36:29Z,2024-09-05T10:36:29Z,160,马林康的Apple Watch,Apple Watch
2024-09-05T10:36:34Z,2024-09-05T10:36:34Z,162,马林康的Apple Watch,Apple Watch
2024-09-05T10:36:40Z,2024-09-05T10:36:40Z,163,马林康的Apple Watch,Apple Watch
2024-09-05T10:36:54Z,2024-09-05T10:36:54Z,163,马林康的Apple Watch,Apple Watch
2024-09-05T10:37:02Z,2024-09-05T10:37:02Z,163,马林康的Apple Watch,Apple Watch
2024-09-05T10:37:06Z,2024-09-05T10:37:06Z,164,马林康的Apple Watch,Apple Watch
2024-09-05T10:37:12Z,2024-09-05T10:37:12Z,164,马林康的Apple Watch,Apple Watch
2024-09-05T10:37:15Z,2024-09-05T10:37:15Z,164,马林康的Apple Watch,Apple Watch
2024-09-05T10:37:26Z,2024-09-05T10:37:26Z,164,马林康的Apple Watch,Apple Watch
2024-09-05T10:37:33Z,2024-09-05T10:37:33Z,163,马林康的Apple Watch,Apple Watch
2024-09-05T10:37:38Z,2024-09-05T10:37:38Z,164,马林康的Apple Watch,Apple Watch
2024-09-05T10:37:39Z,2024-09-05T10:37:39Z,165,马林康的Apple Watch,Apple Watch
2024-09-05T10:37:48Z,2024-09-05T10:37:48Z,164,马林康的Apple Watch,Apple Watch
2024-09-05T10:37:52Z,2024-09-05T10:37:52Z,165,马林康的Apple Watch,Apple Watch
2024-09-05T10:37:54Z,2024-09-05T10:37:54Z,165,马林康的Apple Watch,Apple Watch
2024-09-05T10:37:59Z,2024-09-05T10:37:59Z,165,马林康的Apple Watch,Apple Watch
2024-09-05T10:38:04Z,2024-09-05T10:38:04Z,165,马林康的Apple Watch,Apple Watch
2024-09-05T10:38:10Z,2024-09-05T10:38:10Z,165,马林康的Apple Watch,Apple Watch
2024-09-05T10:38:16Z,2024-09-05T10:38:16Z,164,马林康的Apple Watch,Apple Watch
2024-09-05T10:38:20Z,2024-09-05T10:38:20Z,163,马林康的Apple Watch,Apple Watch
2024-09-05T10:38:27Z,2024-09-05T10:38:27Z,165,马林康的Apple Watch,Apple Watch
2024-09-05T10:38:30Z,2024-09-05T10:38:30Z,164,马林康的Apple Watch,Apple Watch
2024-09-05T10:38:37Z,2024-09-05T10:38:37Z,165,马林康的Apple Watch,Apple Watch
2024-09-05T10:38:42Z,2024-09-05T10:38:42Z,165,马林康的Apple Watch,Apple Watch
2024-09-05T10:38:48Z,2024-09-05T10:38:48Z,165,马林康的Apple Watch,Apple Watch
2024-09-05T10:38:49Z,2024-09-05T10:38:49Z,166,马林康的Apple Watch,Apple Watch
2024-09-05T10:38:55Z,2024-09-05T10:38:55Z,167,马林康的Apple Watch,Apple Watch
2024-09-05T10:38:59Z,2024-09-05T10:38:59Z,167,马林康的Apple Watch,Apple Watch
2024-09-05T10:39:04Z,2024-09-05T10:39:04Z,167,马林康的Apple Watch,Apple Watch
2024-09-05T10:39:09Z,2024-09-05T10:39:09Z,166,马林康的Apple Watch,Apple Watch
2024-09-05T10:39:14Z,2024-09-05T10:39:14Z,166,马林康的Apple Watch,Apple Watch
2024-09-05T10:39:22Z,2024-09-05T10:39:22Z,166,马林康的Apple Watch,Apple Watch
2024-09-05T10:39:27Z,2024-09-05T10:39:27Z,166,马林康的Apple Watch,Apple Watch
2024-09-05T10:39:33Z,2024-09-05T10:39:33Z,166,马林康的Apple Watch,Apple Watch
2024-09-05T10:39:38Z,2024-09-05T10:39:38Z,166,马林康的Apple Watch,Apple Watch
2024-09-05T10:39:43Z,2024-09-05T10:39:43Z,165,马林康的Apple Watch,Apple Watch
2024-09-05T10:39:44Z,2024-09-05T10:39:44Z,165,马林康的Apple Watch,Apple Watch
2024-09-05T10:39:53Z,2024-09-05T10:39:53Z,164,马林康的Apple Watch,Apple Watch
2024-09-05T10:39:54Z,2024-09-05T10:39:54Z,164,马林康的Apple Watch,Apple Watch
2024-09-05T10:40:03Z,2024-09-05T10:40:03Z,164,马林康的Apple Watch,Apple Watch
2024-09-05T10:40:06Z,2024-09-05T10:40:06Z,164,马林康的Apple Watch,Apple Watch
2024-09-05T10:40:09Z,2024-09-05T10:40:09Z,163,马林康的Apple Watch,Apple Watch
2024-09-05T10:40:14Z,2024-09-05T10:40:14Z,162,马林康的Apple Watch,Apple Watch
2024-09-05T10:40:23Z,2024-09-05T10:40:23Z,163,马林康的Apple Watch,Apple Watch
2024-09-05T10:40:25Z,2024-09-05T10:40:25Z,163,马林康的Apple Watch,Apple Watch
2024-09-05T10:40:30Z,2024-09-05T10:40:30Z,163,马林康的Apple Watch,Apple Watch
2024-09-05T10:40:38Z,2024-09-05T10:40:38Z,164,马林康的Apple Watch,Apple Watch
2024-09-05T10:40:43Z,2024-09-05T10:40:43Z,163,马林康的Apple Watch,Apple Watch
2024-09-05T10:40:48Z,2024-09-05T10:40:48Z,163,马林康的Apple Watch,Apple Watch
2024-09-05T10:40:49Z,2024-09-05T10:40:49Z,163,马林康的Apple Watch,Apple Watch
2024-09-05T10:40:58Z,2024-09-05T10:40:58Z,164,马林康的Apple Watch,Apple Watch
2024-09-05T10:41:03Z,2024-09-05T10:41:03Z,164,马林康的Apple Watch,Apple Watch
2024-09-05T10:41:05Z,2024-09-05T10:41:05Z,163,马林康的Apple Watch,Apple Watch
2024-09-05T10:41:09Z,2024-09-05T10:41:09Z,164,马林康的Apple Watch,Apple Watch
2024-09-05T10:41:16Z,2024-09-05T10:41:16Z,163,马林康的Apple Watch,Apple Watch
2024-09-05T10:41:19Z,2024-09-05T10:41:19Z,164,马林康的Apple Watch,Apple Watch
2024-09-05T10:41:26Z,2024-09-05T10:41:26Z,163,马林康的Apple Watch,Apple Watch
2024-09-05T10:41:29Z,2024-09-05T10:41:29Z,164,马林康的Apple Watch,Apple Watch
2024-09-05T10:41:38Z,2024-09-05T10:41:38Z,164,马林康的Apple Watch,Apple Watch
2024-09-05T10:41:39Z,2024-09-05T10:41:39Z,164,马林康的Apple Watch,Apple Watch
2024-09-05T10:41:47Z,2024-09-05T10:41:47Z,165,马林康的Apple Watch,Apple Watch
2024-09-05T10:41:50Z,2024-09-05T10:41:50Z,165,马林康的Apple Watch,Apple Watch
2024-09-05T10:41:57Z,2024-09-05T10:41:57Z,166,马林康的Apple Watch,Apple Watch
2024-09-05T10:42:00Z,2024-09-05T10:42:00Z,165,马林康的Apple Watch,Apple Watch
2024-09-05T10:42:05Z,2024-09-05T10:42:05Z,166,马林康的Apple Watch,Apple Watch
2024-09-05T10:42:13Z,2024-09-05T10:42:13Z,166,马林康的Apple Watch,Apple Watch
2024-09-05T10:42:14Z,2024-09-05T10:42:14Z,166,马林康的Apple Watch,Apple Watch
2024-09-05T10:42:19Z,2024-09-05T10:42:19Z,167,马林康的Apple Watch,Apple Watch
2024-09-05T10:42:24Z,2024-09-05T10:42:24Z,167,马林康的Apple Watch,Apple Watch
2024-09-05T10:42:32Z,2024-09-05T10:42:32Z,167,马林康的Apple Watch,Apple Watch
2024-09-05T10:42:34Z,2024-09-05T10:42:34Z,167,马林康的Apple Watch,Apple Watch
2024-09-05T10:42:39Z,2024-09-05T10:42:39Z,167,马林康的Apple Watch,Apple Watch
2024-09-05T10:42:47Z,2024-09-05T10:42:47Z,167,马林康的Apple Watch,Apple Watch
2024-09-05T10:42:49Z,2024-09-05T10:42:49Z,167,马林康的Apple Watch,Apple Watch
2024-09-05T10:42:58Z,2024-09-05T10:42:58Z,166,马林康的Apple Watch,Apple Watch
2024-09-05T10:43:02Z,2024-09-05T10:43:02Z,166,马林康的Apple Watch,Apple Watch
2024-09-05T10:43:05Z,2024-09-05T10:43:05Z,165,马林康的Apple Watch,Apple Watch
2024-09-05T10:43:09Z,2024-09-05T10:43:09Z,166,马林康的Apple Watch,Apple Watch
2024-09-05T10:43:15Z,2024-09-05T10:43:15Z,166,马林康的Apple Watch,Apple Watch
2024-09-05T10:43:20Z,2024-09-05T10:43:20Z,166,马林康的Apple Watch,Apple Watch
2024-09-05T10:43:24Z,2024-09-05T10:43:24Z,165,马林康的Apple Watch,Apple Watch
2024-09-05T10:43:29Z,2024-09-05T10:43:29Z,165,马林康的Apple Watch,Apple Watch
2024-09-05T10:43:35Z,2024-09-05T10:43:35Z,166,马林康的Apple Watch,Apple Watch
2024-09-05T10:43:43Z,2024-09-05T10:43:43Z,166,马林康的Apple Watch,Apple Watch
2024-09-05T10:43:45Z,2024-09-05T10:43:45Z,166,马林康的Apple Watch,Apple Watch
2024-09-05T10:43:49Z,2024-09-05T10:43:49Z,166,马林康的Apple Watch,Apple Watch
2024-09-05T10:43:54Z,2024-09-05T10:43:54Z,165,马林康的Apple Watch,Apple Watch
2024-09-05T10:44:03Z,2024-09-05T10:44:03Z,166,马林康的Apple Watch,Apple Watch
2024-09-05T10:44:08Z,2024-09-05T10:44:08Z,166,马林康的Apple Watch,Apple Watch
2024-09-05T10:44:13Z,2024-09-05T10:44:13Z,163,马林康的Apple Watch,Apple Watch
2024-09-05T10:44:16Z,2024-09-05T10:44:16Z,162,马林康的Apple Watch,Apple Watch
2024-09-05T10:44:21Z,2024-09-05T10:44:21Z,162,马林康的Apple Watch,Apple Watch
2024-09-05T10:44:24Z,2024-09-05T10:44:24Z,163,马林康的Apple Watch,Apple Watch
2024-09-05T10:44:31Z,2024-09-05T10:44:31Z,163,马林康的Apple Watch,Apple Watch
2024-09-05T10:44:38Z,2024-09-05T10:44:38Z,163,马林康的Apple Watch,Apple Watch
2024-09-05T10:44:43Z,2024-09-05T10:44:43Z,162,马林康的Apple Watch,Apple Watch
2024-09-05T10:44:44Z,2024-09-05T10:44:44Z,162,马林康的Apple Watch,Apple Watch
2024-09-05T10:44:51Z,2024-09-05T10:44:51Z,163,马林康的Apple Watch,Apple Watch
2024-09-05T10:44:58Z,2024-09-05T10:44:58Z,164,马林康的Apple Watch,Apple Watch
2024-09-05T10:45:00Z,2024-09-05T10:45:00Z,163,马林康的Apple Watch,Apple Watch
2024-09-05T10:45:08Z,2024-09-05T10:45:08Z,164,马林康的Apple Watch,Apple Watch
2024-09-05T10:45:13Z,2024-09-05T10:45:13Z,165,马林康的Apple Watch,Apple Watch
2024-09-05T10:45:18Z,2024-09-05T10:45:18Z,165,马林康的Apple Watch,Apple Watch
2024-09-05T10:45:21Z,2024-09-05T10:45:21Z,166,马林康的Apple Watch,Apple Watch
2024-09-05T10:45:25Z,2024-09-05T10:45:25Z,165,马林康的Apple Watch,Apple Watch
2024-09-05T10:45:29Z,2024-09-05T10:45:29Z,165,马林康的Apple Watch,Apple Watch
2024-09-05T10:45:37Z,2024-09-05T10:45:37Z,165,马林康的Apple Watch,Apple Watch
2024-09-05T10:45:43Z,2024-09-05T10:45:43Z,164,马林康的Apple Watch,Apple Watch
2024-09-05T10:45:46Z,2024-09-05T10:45:46Z,162,马林康的Apple Watch,Apple Watch
2024-09-05T10:45:49Z,2024-09-05T10:45:49Z,162,马林康的Apple Watch,Apple Watch
2024-09-05T10:45:58Z,2024-09-05T10:45:58Z,162,马林康的Apple Watch,Apple Watch
2024-09-05T10:45:59Z,2024-09-05T10:45:59Z,162,马林康的Apple Watch,Apple Watch
2024-09-05T10:46:04Z,2024-09-05T10:46:04Z,162,马林康的Apple Watch,Apple Watch
2024-09-05T10:46:13Z,2024-09-05T10:46:13Z,164,马林康的Apple Watch,Apple Watch
2024-09-05T10:46:17Z,2024-09-05T10:46:17Z,164,马林康的Apple Watch,Apple Watch
2024-09-05T10:46:20Z,2024-09-05T10:46:20Z,164,马林康的Apple Watch,Apple Watch
2024-09-05T10:46:28Z,2024-09-05T10:46:28Z,165,马林康的Apple Watch,Apple Watch
2024-09-05T10:46:32Z,2024-09-05T10:46:32Z,165,马林康的Apple Watch,Apple Watch
2024-09-05T10:46:35Z,2024-09-05T10:46:35Z,165,马林康的Apple Watch,Apple Watch
2024-09-05T10:46:39Z,2024-09-05T10:46:39Z,165,马林康的Apple Watch,Apple Watch
2024-09-05T10:46:44Z,2024-09-05T10:46:44Z,167,马林康的Apple Watch,Apple Watch
2024-09-05T10:46:50Z,2024-09-05T10:46:50Z,167,马林康的Apple Watch,Apple Watch
2024-09-05T10:46:54Z,2024-09-05T10:46:54Z,166,马林康的Apple Watch,Apple Watch
2024-09-05T10:47:02Z,2024-09-05T10:47:02Z,166,马林康的Apple Watch,Apple Watch
2024-09-05T10:47:08Z,2024-09-05T10:47:08Z,166,马林康的Apple Watch,Apple Watch
2024-09-05T10:47:10Z,2024-09-05T10:47:10Z,166,马林康的Apple Watch,Apple Watch
2024-09-05T10:47:16Z,2024-09-05T10:47:16Z,165,马林康的Apple Watch,Apple Watch
2024-09-05T10:47:19Z,2024-09-05T10:47:19Z,166,马林康的Apple Watch,Apple Watch
2024-09-05T10:47:25Z,2024-09-05T10:47:25Z,166,马林康的Apple Watch,Apple Watch
2024-09-05T10:47:29Z,2024-09-05T10:47:29Z,165,马林康的Apple Watch,Apple Watch
2024-09-05T10:47:35Z,2024-09-05T10:47:35Z,164,马林康的Apple Watch,Apple Watch
2024-09-05T10:47:43Z,2024-09-05T10:47:43Z,163,马林康的Apple Watch,Apple Watch
2024-09-05T10:47:46Z,2024-09-05T10:47:46Z,163,马林康的Apple Watch,Apple Watch
2024-09-05T10:47:51Z,2024-09-05T10:47:51Z,163,马林康的Apple Watch,Apple Watch
2024-09-05T10:47:57Z,2024-09-05T10:47:57Z,164,马林康的Apple Watch,Apple Watch
2024-09-05T10:48:00Z,2024-09-05T10:48:00Z,162,马林康的Apple Watch,Apple Watch
2024-09-05T10:48:07Z,2024-09-05T10:48:07Z,163,马林康的Apple Watch,Apple Watch
2024-09-05T10:48:12Z,2024-09-05T10:48:12Z,164,马林康的Apple Watch,Apple Watch
2024-09-05T10:48:14Z,2024-09-05T10:48:14Z,164,马林康的Apple Watch,Apple Watch
2024-09-05T10:48:21Z,2024-09-05T10:48:21Z,164,马林康的Apple Watch,Apple Watch
2024-09-05T10:48:25Z,2024-09-05T10:48:25Z,165,马林康的Apple Watch,Apple Watch
2024-09-05T10:48:33Z,2024-09-05T10:48:33Z,165,马林康的Apple Watch,Apple Watch
2024-09-05T10:48:34Z,2024-09-05T10:48:34Z,165,马林康的Apple Watch,Apple Watch
2024-09-05T10:48:41Z,2024-09-05T10:48:41Z,166,马林康的Apple Watch,Apple Watch
2024-09-05T10:48:46Z,2024-09-05T10:48:46Z,165,马林康的Apple Watch,Apple Watch
2024-09-05T10:48:52Z,2024-09-05T10:48:52Z,165,马林康的Apple Watch,Apple Watch
2024-09-05T10:48:54Z,2024-09-05T10:48:54Z,165,马林康的Apple Watch,Apple Watch
2024-09-05T10:49:00Z,2024-09-05T10:49:00Z,165,马林康的Apple Watch,Apple Watch
2024-09-05T10:49:08Z,2024-09-05T10:49:08Z,166,马林康的Apple Watch,Apple Watch
2024-09-05T10:49:13Z,2024-09-05T10:49:13Z,163,马林康的Apple Watch,Apple Watch
2024-09-05T10:49:16Z,2024-09-05T10:49:16Z,157,马林康的Apple Watch,Apple Watch
2024-09-05T10:49:20Z,2024-09-05T10:49:20Z,156,马林康的Apple Watch,Apple Watch
2024-09-05T10:49:28Z,2024-09-05T10:49:28Z,156,马林康的Apple Watch,Apple Watch
2024-09-05T10:49:29Z,2024-09-05T10:49:29Z,157,马林康的Apple Watch,Apple Watch
2024-09-05T10:49:36Z,2024-09-05T10:49:36Z,157,马林康的Apple Watch,Apple Watch
2024-09-05T10:49:39Z,2024-09-05T10:49:39Z,158,马林康的Apple Watch,Apple Watch
2024-09-05T10:49:48Z,2024-09-05T10:49:48Z,158,马林康的Apple Watch,Apple Watch
2024-09-05T10:49:49Z,2024-09-05T10:49:49Z,158,马林康的Apple Watch,Apple Watch
2024-09-05T10:49:56Z,2024-09-05T10:49:56Z,157,马林康的Apple Watch,Apple Watch
2024-09-05T10:50:01Z,2024-09-05T10:50:01Z,159,马林康的Apple Watch,Apple Watch
2024-09-05T10:50:04Z,2024-09-05T10:50:04Z,159,马林康的Apple Watch,Apple Watch
2024-09-05T10:50:09Z,2024-09-05T10:50:09Z,160,马林康的Apple Watch,Apple Watch
2024-09-05T10:50:15Z,2024-09-05T10:50:15Z,160,马林康的Apple Watch,Apple Watch
2024-09-05T10:50:19Z,2024-09-05T10:50:19Z,161,马林康的Apple Watch,Apple Watch
2024-09-05T10:50:24Z,2024-09-05T10:50:24Z,161,马林康的Apple Watch,Apple Watch
2024-09-05T10:50:30Z,2024-09-05T10:50:30Z,163,马林康的Apple Watch,Apple Watch
2024-09-05T10:50:35Z,2024-09-05T10:50:35Z,164,马林康的Apple Watch,Apple Watch
2024-09-05T10:50:43Z,2024-09-05T10:50:43Z,163,马林康的Apple Watch,Apple Watch
2024-09-05T10:50:46Z,2024-09-05T10:50:46Z,163,马林康的Apple Watch,Apple Watch
2024-09-05T10:50:49Z,2024-09-05T10:50:49Z,163,马林康的Apple Watch,Apple Watch
2024-09-05T10:50:56Z,2024-09-05T10:50:56Z,163,马林康的Apple Watch,Apple Watch
2024-09-05T10:51:03Z,2024-09-05T10:51:03Z,163,马林康的Apple Watch,Apple Watch
2024-09-05T10:51:04Z,2024-09-05T10:51:04Z,163,马林康的Apple Watch,Apple Watch
2024-09-05T10:51:12Z,2024-09-05T10:51:12Z,163,马林康的Apple Watch,Apple Watch
2024-09-05T10:51:16Z,2024-09-05T10:51:16Z,163,马林康的Apple Watch,Apple Watch
2024-09-05T10:51:20Z,2024-09-05T10:51:20Z,163,马林康的Apple Watch,Apple Watch
2024-09-05T10:51:24Z,2024-09-05T10:51:24Z,163,马林康的Apple Watch,Apple Watch
2024-09-05T10:51:33Z,2024-09-05T10:51:33Z,163,马林康的Apple Watch,Apple Watch
2024-09-05T10:51:37Z,2024-09-05T10:51:37Z,163,马林康的Apple Watch,Apple Watch
2024-09-05T10:51:41Z,2024-09-05T10:51:41Z,163,马林康的Apple Watch,Apple Watch
2024-09-05T10:51:47Z,2024-09-05T10:51:47Z,164,马林康的Apple Watch,Apple Watch
2024-09-05T10:51:52Z,2024-09-05T10:51:52Z,164,马林康的Apple Watch,Apple Watch
2024-09-05T10:51:55Z,2024-09-05T10:51:55Z,165,马林康的Apple Watch,Apple Watch
2024-09-05T10:52:02Z,2024-09-05T10:52:02Z,166,马林康的Apple Watch,Apple Watch
2024-09-05T10:52:04Z,2024-09-05T10:52:04Z,166,马林康的Apple Watch,Apple Watch
2024-09-05T10:52:13Z,2024-09-05T10:52:13Z,165,马林康的Apple Watch,Apple Watch
2024-09-05T10:52:15Z,2024-09-05T10:52:15Z,166,马林康的Apple Watch,Apple Watch
2024-09-05T10:52:19Z,2024-09-05T10:52:19Z,166,马林康的Apple Watch,Apple Watch
2024-09-05T10:52:28Z,2024-09-05T10:52:28Z,166,马林康的Apple Watch,Apple Watch
2024-09-05T10:52:31Z,2024-09-05T10:52:31Z,166,马林康的Apple Watch,Apple Watch
2024-09-05T10:52:34Z,2024-09-05T10:52:34Z,166,马林康的Apple Watch,Apple Watch
2024-09-05T10:52:40Z,2024-09-05T10:52:40Z,166,马林康的Apple Watch,Apple Watch
2024-09-05T10:52:44Z,2024-09-05T10:52:44Z,166,马林康的Apple Watch,Apple Watch
2024-09-05T10:52:50Z,2024-09-05T10:52:50Z,166,马林康的Apple Watch,Apple Watch
2024-09-05T10:52:54Z,2024-09-05T10:52:54Z,165,马林康的Apple Watch,Apple Watch
2024-09-05T10:53:03Z,2024-09-05T10:53:03Z,157,马林康的Apple Watch,Apple Watch
2024-09-05T10:53:07Z,2024-09-05T10:53:07Z,152,马林康的Apple Watch,Apple Watch
2024-09-05T10:53:13Z,2024-09-05T10:53:13Z,149,马林康的Apple Watch,Apple Watch
2024-09-05T10:53:18Z,2024-09-05T10:53:18Z,151,马林康的Apple Watch,Apple Watch
2024-09-05T10:53:19Z,2024-09-05T10:53:19Z,150,马林康的Apple Watch,Apple Watch
2024-09-05T10:53:24Z,2024-09-05T10:53:24Z,150,马林康的Apple Watch,Apple Watch
2024-09-05T10:53:31Z,2024-09-05T10:53:31Z,150,马林康的Apple Watch,Apple Watch
2024-09-05T10:53:34Z,2024-09-05T10:53:34Z,150,马林康的Apple Watch,Apple Watch
2024-09-05T10:53:39Z,2024-09-05T10:53:39Z,152,马林康的Apple Watch,Apple Watch
2024-09-05T10:53:44Z,2024-09-05T10:53:44Z,152,马林康的Apple Watch,Apple Watch
2024-09-05T10:53:52Z,2024-09-05T10:53:52Z,154,马林康的Apple Watch,Apple Watch
2024-09-05T10:53:54Z,2024-09-05T10:53:54Z,155,马林康的Apple Watch,Apple Watch
2024-09-05T10:53:59Z,2024-09-05T10:53:59Z,156,马林康的Apple Watch,Apple Watch
2024-09-05T10:54:04Z,2024-09-05T10:54:04Z,157,马林康的Apple Watch,Apple Watch
2024-09-05T10:54:10Z,2024-09-05T10:54:10Z,158,马林康的Apple Watch,Apple Watch
2024-09-05T10:54:15Z,2024-09-05T10:54:15Z,159,马林康的Apple Watch,Apple Watch
2024-09-05T10:54:20Z,2024-09-05T10:54:20Z,161,马林康的Apple Watch,Apple Watch
2024-09-05T10:54:27Z,2024-09-05T10:54:27Z,161,马林康的Apple Watch,Apple Watch
2024-09-05T10:54:33Z,2024-09-05T10:54:33Z,161,马林康的Apple Watch,Apple Watch
2024-09-05T10:54:38Z,2024-09-05T10:54:38Z,160,马林康的Apple Watch,Apple Watch
2024-09-05T10:54:43Z,2024-09-05T10:54:43Z,159,马林康的Apple Watch,Apple Watch
2024-09-05T10:54:45Z,2024-09-05T10:54:45Z,159,马林康的Apple Watch,Apple Watch
2024-09-05T10:54:51Z,2024-09-05T10:54:51Z,160,马林康的Apple Watch,Apple Watch
2024-09-05T10:54:55Z,2024-09-05T10:54:55Z,160,马林康的Apple Watch,Apple Watch
2024-09-05T10:55:03Z,2024-09-05T10:55:03Z,157,马林康的Apple Watch,Apple Watch
2024-09-05T10:55:08Z,2024-09-05T10:55:08Z,153,马林康的Apple Watch,Apple Watch
2024-09-05T10:55:11Z,2024-09-05T10:55:11Z,153,马林康的Apple Watch,Apple Watch
2024-09-05T10:55:14Z,2024-09-05T10:55:14Z,150,马林康的Apple Watch,Apple Watch
2024-09-05T10:55:19Z,2024-09-05T10:55:19Z,147,马林康的Apple Watch,Apple Watch
2024-09-05T10:55:24Z,2024-09-05T10:55:24Z,144,马林康的Apple Watch,Apple Watch
2024-09-05T10:55:32Z,2024-09-05T10:55:32Z,140,马林康的Apple Watch,Apple Watch
2024-09-05T10:55:38Z,2024-09-05T10:55:38Z,136,马林康的Apple Watch,Apple Watch
2024-09-05T10:55:43Z,2024-09-05T10:55:43Z,130,马林康的Apple Watch,Apple Watch
2024-09-05T10:55:46Z,2024-09-05T10:55:46Z,128,马林康的Apple Watch,Apple Watch
2024-09-05T10:55:52Z,2024-09-05T10:55:52Z,124,马林康的Apple Watch,Apple Watch
2024-09-05T10:55:54Z,2024-09-05T10:55:54Z,122,马林康的Apple Watch,Apple Watch
2024-09-05T10:55:59Z,2024-09-05T10:55:59Z,119,马林康的Apple Watch,Apple Watch
2024-09-05T10:56:06Z,2024-09-05T10:56:06Z,120,马林康的Apple Watch,Apple Watch
2024-09-05T10:56:13Z,2024-09-05T10:56:13Z,121,马林康的Apple Watch,Apple Watch
2024-09-05T10:56:14Z,2024-09-05T10:56:14Z,121,马林康的Apple Watch,Apple Watch
2024-09-05T10:56:19Z,2024-09-05T10:56:19Z,118,马林康的Apple Watch,Apple Watch
2024-09-05T10:56:28Z,2024-09-05T10:56:28Z,123,马林康的Apple Watch,Apple Watch
2024-09-05T10:56:31Z,2024-09-05T10:56:31Z,127,马林康的Apple Watch,Apple Watch
2024-09-05T10:56:34Z,2024-09-05T10:56:34Z,129,马林康的Apple Watch,Apple Watch
2024-09-05T10:56:40Z,2024-09-05T10:56:40Z,135,马林康的Apple Watch,Apple Watch
2024-09-05T10:56:44Z,2024-09-05T10:56:44Z,139,马林康的Apple Watch,Apple Watch
2024-09-05T10:56:53Z,2024-09-05T10:56:53Z,150,马林康的Apple Watch,Apple Watch
2024-09-05T10:56:54Z,2024-09-05T10:56:54Z,150,马林康的Apple Watch,Apple Watch
2024-09-05T10:56:59Z,2024-09-05T10:56:59Z,152,马林康的Apple Watch,Apple Watch
2024-09-05T10:57:08Z,2024-09-05T10:57:08Z,152,马林康的Apple Watch,Apple Watch
2024-09-05T10:57:10Z,2024-09-05T10:57:10Z,153,马林康的Apple Watch,Apple Watch
2024-09-05T10:57:14Z,2024-09-05T10:57:14Z,153,马林康的Apple Watch,Apple Watch
2024-09-05T10:57:22Z,2024-09-05T10:57:22Z,155,马林康的Apple Watch,Apple Watch
2024-09-05T10:57:26Z,2024-09-05T10:57:26Z,155,马林康的Apple Watch,Apple Watch
2024-09-05T10:57:31Z,2024-09-05T10:57:31Z,155,马林康的Apple Watch,Apple Watch
2024-09-05T10:57:38Z,2024-09-05T10:57:38Z,156,马林康的Apple Watch,Apple Watch
2024-09-05T10:57:39Z,2024-09-05T10:57:39Z,156,马林康的Apple Watch,Apple Watch
2024-09-05T10:57:48Z,2024-09-05T10:57:48Z,157,马林康的Apple Watch,Apple Watch
2024-09-05T10:57:50Z,2024-09-05T10:57:50Z,156,马林康的Apple Watch,Apple Watch
2024-09-05T10:57:58Z,2024-09-05T10:57:58Z,156,马林康的Apple Watch,Apple Watch
2024-09-05T10:58:01Z,2024-09-05T10:58:01Z,155,马林康的Apple Watch,Apple Watch
2024-09-05T10:58:04Z,2024-09-05T10:58:04Z,155,马林康的Apple Watch,Apple Watch
2024-09-05T10:58:10Z,2024-09-05T10:58:10Z,157,马林康的Apple Watch,Apple Watch
2024-09-05T10:58:18Z,2024-09-05T10:58:18Z,157,马林康的Apple Watch,Apple Watch
2024-09-05T10:58:23Z,2024-09-05T10:58:23Z,157,马林康的Apple Watch,Apple Watch
2024-09-05T10:58:27Z,2024-09-05T10:58:27Z,157,马林康的Apple Watch,Apple Watch
2024-09-05T10:58:33Z,2024-09-05T10:58:33Z,158,马林康的Apple Watch,Apple Watch
2024-09-05T10:58:34Z,2024-09-05T10:58:34Z,158,马林康的Apple Watch,Apple Watch
2024-09-05T10:58:43Z,2024-09-05T10:58:43Z,158,马林康的Apple Watch,Apple Watch
2024-09-05T10:58:48Z,2024-09-05T10:58:48Z,159,马林康的Apple Watch,Apple Watch
2024-09-05T10:58:53Z,2024-09-05T10:58:53Z,158,马林康的Apple Watch,Apple Watch
