Start Date,End Date,Distance Walking/Running,Source,Device
2024-09-10T10:08:10Z,2024-09-10T10:08:12Z,8.12796,马林康的Apple Watch,Apple Watch
2024-09-10T10:08:12Z,2024-09-10T10:08:15Z,8.39712,马林康的Apple Watch,Apple Watch
2024-09-10T10:08:15Z,2024-09-10T10:08:18Z,7.16828,马林康的Apple Watch,Apple Watch
2024-09-10T10:08:18Z,2024-09-10T10:08:20Z,8.19231,马林康的Apple Watch,Apple Watch
2024-09-10T10:08:20Z,2024-09-10T10:08:23Z,6.75013,马林康的Apple Watch,Apple Watch
2024-09-10T10:08:23Z,2024-09-10T10:08:25Z,6.51118,马林康的Apple Watch,Apple Watch
2024-09-10T10:08:25Z,2024-09-10T10:08:28Z,8.60193,马林康的Apple Watch,Apple Watch
2024-09-10T10:08:28Z,2024-09-10T10:08:30Z,7.46695,马林康的Apple Watch,Apple Watch
2024-09-10T10:08:30Z,2024-09-10T10:08:33Z,8.46539,马林康的Apple Watch,Apple Watch
2024-09-10T10:08:33Z,2024-09-10T10:08:36Z,8.39712,马林康的Apple Watch,Apple Watch
2024-09-10T10:08:36Z,2024-09-10T10:08:38Z,7.28775,马林康的Apple Watch,Apple Watch
2024-09-10T10:08:38Z,2024-09-10T10:08:41Z,6.80231,马林康的Apple Watch,Apple Watch
2024-09-10T10:08:41Z,2024-09-10T10:08:43Z,7.41706,马林康的Apple Watch,Apple Watch
2024-09-10T10:08:43Z,2024-09-10T10:08:46Z,5.06332,马林康的Apple Watch,Apple Watch
2024-09-10T10:08:46Z,2024-09-10T10:08:48Z,5.39643,马林康的Apple Watch,Apple Watch
2024-09-10T10:08:48Z,2024-09-10T10:08:51Z,5.92941,马林康的Apple Watch,Apple Watch
2024-09-10T10:08:51Z,2024-09-10T10:08:54Z,3.93815,马林康的Apple Watch,Apple Watch
2024-09-10T10:08:54Z,2024-09-10T10:08:56Z,2.73192,马林康的Apple Watch,Apple Watch
2024-09-10T10:08:56Z,2024-09-10T10:08:59Z,8.32564,马林康的Apple Watch,Apple Watch
2024-09-10T10:08:59Z,2024-09-10T10:09:01Z,6.23750,马林康的Apple Watch,Apple Watch
2024-09-10T10:09:01Z,2024-09-10T10:09:04Z,6.20177,马林康的Apple Watch,Apple Watch
2024-09-10T10:09:04Z,2024-09-10T10:09:06Z,8.66214,马林康的Apple Watch,Apple Watch
2024-09-10T10:09:06Z,2024-09-10T10:09:09Z,9.52235,马林康的Apple Watch,Apple Watch
2024-09-10T10:09:09Z,2024-09-10T10:09:12Z,10.22017,马林康的Apple Watch,Apple Watch
2024-09-10T10:09:12Z,2024-09-10T10:09:14Z,9.58573,马林康的Apple Watch,Apple Watch
2024-09-10T10:09:14Z,2024-09-10T10:09:17Z,7.81384,马林康的Apple Watch,Apple Watch
2024-09-10T10:09:17Z,2024-09-10T10:09:19Z,10.12221,马林康的Apple Watch,Apple Watch
2024-09-10T10:09:19Z,2024-09-10T10:09:22Z,9.10955,马林康的Apple Watch,Apple Watch
2024-09-10T10:09:22Z,2024-09-10T10:09:25Z,9.25776,马林康的Apple Watch,Apple Watch
2024-09-10T10:09:25Z,2024-09-10T10:09:27Z,8.55910,马林康的Apple Watch,Apple Watch
2024-09-10T10:09:27Z,2024-09-10T10:09:30Z,9.00896,马林康的Apple Watch,Apple Watch
2024-09-10T10:09:30Z,2024-09-10T10:09:32Z,7.96360,马林康的Apple Watch,Apple Watch
2024-09-10T10:09:32Z,2024-09-10T10:09:35Z,7.17931,马林康的Apple Watch,Apple Watch
2024-09-10T10:09:35Z,2024-09-10T10:09:37Z,7.96293,马林康的Apple Watch,Apple Watch
2024-09-10T10:09:37Z,2024-09-10T10:09:40Z,7.10703,马林康的Apple Watch,Apple Watch
2024-09-10T10:09:40Z,2024-09-10T10:09:43Z,8.30612,马林康的Apple Watch,Apple Watch
2024-09-10T10:09:43Z,2024-09-10T10:09:45Z,5.56722,马林康的Apple Watch,Apple Watch
2024-09-10T10:09:45Z,2024-09-10T10:09:48Z,6.33598,马林康的Apple Watch,Apple Watch
2024-09-10T10:09:48Z,2024-09-10T10:09:50Z,7.05861,马林康的Apple Watch,Apple Watch
2024-09-10T10:09:50Z,2024-09-10T10:09:53Z,7.41691,马林康的Apple Watch,Apple Watch
2024-09-10T10:09:53Z,2024-09-10T10:09:55Z,6.10732,马林康的Apple Watch,Apple Watch
2024-09-10T10:09:55Z,2024-09-10T10:09:58Z,7.31217,马林康的Apple Watch,Apple Watch
2024-09-10T10:09:58Z,2024-09-10T10:10:01Z,5.95325,马林康的Apple Watch,Apple Watch
2024-09-10T10:10:01Z,2024-09-10T10:10:03Z,8.98433,马林康的Apple Watch,Apple Watch
2024-09-10T10:10:03Z,2024-09-10T10:10:06Z,8.01236,马林康的Apple Watch,Apple Watch
2024-09-10T10:10:06Z,2024-09-10T10:10:08Z,7.18436,马林康的Apple Watch,Apple Watch
2024-09-10T10:10:08Z,2024-09-10T10:10:11Z,7.30862,马林康的Apple Watch,Apple Watch
2024-09-10T10:10:11Z,2024-09-10T10:10:14Z,6.03560,马林康的Apple Watch,Apple Watch
2024-09-10T10:10:14Z,2024-09-10T10:10:16Z,7.52727,马林康的Apple Watch,Apple Watch
2024-09-10T10:10:16Z,2024-09-10T10:10:19Z,6.64913,马林康的Apple Watch,Apple Watch
2024-09-10T10:10:19Z,2024-09-10T10:10:21Z,5.45529,马林康的Apple Watch,Apple Watch
2024-09-10T10:10:21Z,2024-09-10T10:10:24Z,4.93906,马林康的Apple Watch,Apple Watch
2024-09-10T10:10:24Z,2024-09-10T10:10:26Z,6.88151,马林康的Apple Watch,Apple Watch
2024-09-10T10:10:26Z,2024-09-10T10:10:29Z,5.97949,马林康的Apple Watch,Apple Watch
2024-09-10T10:10:29Z,2024-09-10T10:10:32Z,5.71843,马林康的Apple Watch,Apple Watch
2024-09-10T10:10:32Z,2024-09-10T10:10:34Z,6.43965,马林康的Apple Watch,Apple Watch
2024-09-10T10:10:34Z,2024-09-10T10:10:37Z,6.70698,马林康的Apple Watch,Apple Watch
2024-09-10T10:10:37Z,2024-09-10T10:10:39Z,9.32570,马林康的Apple Watch,Apple Watch
2024-09-10T10:10:39Z,2024-09-10T10:10:42Z,7.37706,马林康的Apple Watch,Apple Watch
2024-09-10T10:10:42Z,2024-09-10T10:10:44Z,7.94782,马林康的Apple Watch,Apple Watch
2024-09-10T10:10:44Z,2024-09-10T10:10:47Z,6.99102,马林康的Apple Watch,Apple Watch
2024-09-10T10:10:47Z,2024-09-10T10:10:50Z,5.87287,马林康的Apple Watch,Apple Watch
2024-09-10T10:10:50Z,2024-09-10T10:10:52Z,5.23590,马林康的Apple Watch,Apple Watch
2024-09-10T10:10:52Z,2024-09-10T10:10:55Z,5.24195,马林康的Apple Watch,Apple Watch
2024-09-10T10:10:55Z,2024-09-10T10:10:57Z,6.22152,马林康的Apple Watch,Apple Watch
2024-09-10T10:10:57Z,2024-09-10T10:11:00Z,7.03935,马林康的Apple Watch,Apple Watch
2024-09-10T10:11:03Z,2024-09-10T10:11:05Z,0.99934,马林康的Apple Watch,Apple Watch
2024-09-10T10:11:21Z,2024-09-10T10:11:23Z,7.10610,马林康的Apple Watch,Apple Watch
2024-09-10T10:11:23Z,2024-09-10T10:11:26Z,7.10610,马林康的Apple Watch,Apple Watch
2024-09-10T10:11:26Z,2024-09-10T10:11:28Z,9.73605,马林康的Apple Watch,Apple Watch
2024-09-10T10:11:28Z,2024-09-10T10:11:31Z,9.60203,马林康的Apple Watch,Apple Watch
2024-09-10T10:11:31Z,2024-09-10T10:11:33Z,7.58144,马林康的Apple Watch,Apple Watch
2024-09-10T10:11:33Z,2024-09-10T10:11:36Z,8.53072,马林康的Apple Watch,Apple Watch
2024-09-10T10:11:36Z,2024-09-10T10:11:39Z,9.78884,马林康的Apple Watch,Apple Watch
2024-09-10T10:11:39Z,2024-09-10T10:11:41Z,8.85830,马林康的Apple Watch,Apple Watch
2024-09-10T10:11:41Z,2024-09-10T10:11:44Z,8.17037,马林康的Apple Watch,Apple Watch
2024-09-10T10:11:44Z,2024-09-10T10:11:46Z,9.52726,马林康的Apple Watch,Apple Watch
2024-09-10T10:11:46Z,2024-09-10T10:11:49Z,9.73749,马林康的Apple Watch,Apple Watch
2024-09-10T10:11:49Z,2024-09-10T10:11:51Z,8.12841,马林康的Apple Watch,Apple Watch
2024-09-10T10:11:51Z,2024-09-10T10:11:54Z,7.65887,马林康的Apple Watch,Apple Watch
2024-09-10T10:11:54Z,2024-09-10T10:11:57Z,8.58520,马林康的Apple Watch,Apple Watch
2024-09-10T10:11:57Z,2024-09-10T10:11:59Z,7.60192,马林康的Apple Watch,Apple Watch
2024-09-10T10:11:59Z,2024-09-10T10:12:02Z,6.74940,马林康的Apple Watch,Apple Watch
2024-09-10T10:12:02Z,2024-09-10T10:12:04Z,8.29655,马林康的Apple Watch,Apple Watch
2024-09-10T10:12:04Z,2024-09-10T10:12:07Z,8.44899,马林康的Apple Watch,Apple Watch
2024-09-10T10:12:07Z,2024-09-10T10:12:09Z,7.94160,马林康的Apple Watch,Apple Watch
2024-09-10T10:12:09Z,2024-09-10T10:12:12Z,8.92836,马林康的Apple Watch,Apple Watch
2024-09-10T10:12:12Z,2024-09-10T10:12:15Z,7.48733,马林康的Apple Watch,Apple Watch
2024-09-10T10:12:15Z,2024-09-10T10:12:17Z,8.08379,马林康的Apple Watch,Apple Watch
2024-09-10T10:12:17Z,2024-09-10T10:12:20Z,7.21376,马林康的Apple Watch,Apple Watch
2024-09-10T10:12:20Z,2024-09-10T10:12:22Z,6.56188,马林康的Apple Watch,Apple Watch
2024-09-10T10:12:22Z,2024-09-10T10:12:25Z,8.86041,马林康的Apple Watch,Apple Watch
2024-09-10T10:12:25Z,2024-09-10T10:12:28Z,6.44071,马林康的Apple Watch,Apple Watch
2024-09-10T10:12:28Z,2024-09-10T10:12:30Z,8.09266,马林康的Apple Watch,Apple Watch
2024-09-10T10:12:30Z,2024-09-10T10:12:33Z,8.44724,马林康的Apple Watch,Apple Watch
2024-09-10T10:12:33Z,2024-09-10T10:12:35Z,9.13881,马林康的Apple Watch,Apple Watch
2024-09-10T10:12:35Z,2024-09-10T10:12:38Z,8.09646,马林康的Apple Watch,Apple Watch
2024-09-10T10:12:38Z,2024-09-10T10:12:40Z,7.55415,马林康的Apple Watch,Apple Watch
2024-09-10T10:12:40Z,2024-09-10T10:12:43Z,8.57179,马林康的Apple Watch,Apple Watch
2024-09-10T10:12:43Z,2024-09-10T10:12:46Z,8.85326,马林康的Apple Watch,Apple Watch
2024-09-10T10:12:46Z,2024-09-10T10:12:48Z,8.10020,马林康的Apple Watch,Apple Watch
2024-09-10T10:12:48Z,2024-09-10T10:12:51Z,8.31887,马林康的Apple Watch,Apple Watch
2024-09-10T10:12:51Z,2024-09-10T10:12:53Z,8.88023,马林康的Apple Watch,Apple Watch
2024-09-10T10:12:53Z,2024-09-10T10:12:56Z,6.70014,马林康的Apple Watch,Apple Watch
2024-09-10T10:12:56Z,2024-09-10T10:12:58Z,7.79988,马林康的Apple Watch,Apple Watch
2024-09-10T10:12:58Z,2024-09-10T10:13:01Z,8.54940,马林康的Apple Watch,Apple Watch
2024-09-10T10:13:01Z,2024-09-10T10:13:04Z,8.09454,马林康的Apple Watch,Apple Watch
2024-09-10T10:13:04Z,2024-09-10T10:13:06Z,8.42747,马林康的Apple Watch,Apple Watch
2024-09-10T10:13:06Z,2024-09-10T10:13:09Z,7.32845,马林康的Apple Watch,Apple Watch
2024-09-10T10:13:09Z,2024-09-10T10:13:11Z,8.50087,马林康的Apple Watch,Apple Watch
2024-09-10T10:13:11Z,2024-09-10T10:13:14Z,8.57533,马林康的Apple Watch,Apple Watch
2024-09-10T10:13:14Z,2024-09-10T10:13:17Z,7.56908,马林康的Apple Watch,Apple Watch
2024-09-10T10:13:17Z,2024-09-10T10:13:19Z,8.86741,马林康的Apple Watch,Apple Watch
2024-09-10T10:13:19Z,2024-09-10T10:13:22Z,8.87161,马林康的Apple Watch,Apple Watch
2024-09-10T10:13:22Z,2024-09-10T10:13:24Z,8.19520,马林康的Apple Watch,Apple Watch
2024-09-10T10:13:24Z,2024-09-10T10:13:27Z,9.17228,马林康的Apple Watch,Apple Watch
2024-09-10T10:13:27Z,2024-09-10T10:13:29Z,7.62513,马林康的Apple Watch,Apple Watch
2024-09-10T10:13:29Z,2024-09-10T10:13:32Z,7.94493,马林康的Apple Watch,Apple Watch
2024-09-10T10:13:32Z,2024-09-10T10:13:35Z,7.01058,马林康的Apple Watch,Apple Watch
2024-09-10T10:13:35Z,2024-09-10T10:13:37Z,8.15572,马林康的Apple Watch,Apple Watch
2024-09-10T10:13:37Z,2024-09-10T10:13:40Z,6.04796,马林康的Apple Watch,Apple Watch
2024-09-10T10:13:40Z,2024-09-10T10:13:42Z,1.29807,马林康的Apple Watch,Apple Watch
2024-09-10T10:13:42Z,2024-09-10T10:13:45Z,8.40359,马林康的Apple Watch,Apple Watch
2024-09-10T10:13:45Z,2024-09-10T10:13:47Z,8.26665,马林康的Apple Watch,Apple Watch
2024-09-10T10:13:47Z,2024-09-10T10:13:50Z,8.36789,马林康的Apple Watch,Apple Watch
2024-09-10T10:13:50Z,2024-09-10T10:13:53Z,8.45423,马林康的Apple Watch,Apple Watch
2024-09-10T10:13:53Z,2024-09-10T10:13:55Z,9.17516,马林康的Apple Watch,Apple Watch
2024-09-10T10:13:55Z,2024-09-10T10:13:58Z,7.13213,马林康的Apple Watch,Apple Watch
2024-09-10T10:13:58Z,2024-09-10T10:14:00Z,7.92059,马林康的Apple Watch,Apple Watch
2024-09-10T10:14:00Z,2024-09-10T10:14:03Z,7.34609,马林康的Apple Watch,Apple Watch
2024-09-10T10:14:03Z,2024-09-10T10:14:06Z,7.00796,马林康的Apple Watch,Apple Watch
2024-09-10T10:14:06Z,2024-09-10T10:14:08Z,8.14168,马林康的Apple Watch,Apple Watch
2024-09-10T10:14:08Z,2024-09-10T10:14:11Z,7.48803,马林康的Apple Watch,Apple Watch
2024-09-10T10:14:11Z,2024-09-10T10:14:13Z,9.09661,马林康的Apple Watch,Apple Watch
2024-09-10T10:14:13Z,2024-09-10T10:14:16Z,7.89903,马林康的Apple Watch,Apple Watch
2024-09-10T10:14:16Z,2024-09-10T10:14:18Z,7.03061,马林康的Apple Watch,Apple Watch
2024-09-10T10:14:18Z,2024-09-10T10:14:21Z,8.49174,马林康的Apple Watch,Apple Watch
2024-09-10T10:14:21Z,2024-09-10T10:14:24Z,6.86469,马林康的Apple Watch,Apple Watch
2024-09-10T10:14:24Z,2024-09-10T10:14:26Z,8.07911,马林康的Apple Watch,Apple Watch
2024-09-10T10:14:26Z,2024-09-10T10:14:29Z,7.25928,马林康的Apple Watch,Apple Watch
2024-09-10T10:14:29Z,2024-09-10T10:14:31Z,8.44945,马林康的Apple Watch,Apple Watch
2024-09-10T10:14:31Z,2024-09-10T10:14:34Z,7.61885,马林康的Apple Watch,Apple Watch
2024-09-10T10:14:34Z,2024-09-10T10:14:36Z,6.99762,马林康的Apple Watch,Apple Watch
2024-09-10T10:14:36Z,2024-09-10T10:14:39Z,7.98233,马林康的Apple Watch,Apple Watch
2024-09-10T10:14:39Z,2024-09-10T10:14:42Z,9.24916,马林康的Apple Watch,Apple Watch
2024-09-10T10:14:42Z,2024-09-10T10:14:44Z,8.82388,马林康的Apple Watch,Apple Watch
2024-09-10T10:14:44Z,2024-09-10T10:14:47Z,7.04503,马林康的Apple Watch,Apple Watch
2024-09-10T10:14:47Z,2024-09-10T10:14:49Z,7.84861,马林康的Apple Watch,Apple Watch
2024-09-10T10:14:49Z,2024-09-10T10:14:52Z,7.03077,马林康的Apple Watch,Apple Watch
2024-09-10T10:14:52Z,2024-09-10T10:14:55Z,6.81641,马林康的Apple Watch,Apple Watch
2024-09-10T10:14:55Z,2024-09-10T10:14:57Z,7.35023,马林康的Apple Watch,Apple Watch
2024-09-10T10:14:57Z,2024-09-10T10:15:00Z,6.22434,马林康的Apple Watch,Apple Watch
2024-09-10T10:15:00Z,2024-09-10T10:15:02Z,7.03671,马林康的Apple Watch,Apple Watch
2024-09-10T10:15:02Z,2024-09-10T10:15:05Z,6.22288,马林康的Apple Watch,Apple Watch
2024-09-10T10:15:05Z,2024-09-10T10:15:07Z,4.68752,马林康的Apple Watch,Apple Watch
2024-09-10T10:15:07Z,2024-09-10T10:15:10Z,6.43783,马林康的Apple Watch,Apple Watch
2024-09-10T10:15:10Z,2024-09-10T10:15:13Z,9.32758,马林康的Apple Watch,Apple Watch
2024-09-10T10:15:13Z,2024-09-10T10:15:15Z,7.71256,马林康的Apple Watch,Apple Watch
2024-09-10T10:15:15Z,2024-09-10T10:15:18Z,7.96426,马林康的Apple Watch,Apple Watch
2024-09-10T10:15:18Z,2024-09-10T10:15:20Z,7.33281,马林康的Apple Watch,Apple Watch
2024-09-10T10:15:20Z,2024-09-10T10:15:23Z,5.39273,马林康的Apple Watch,Apple Watch
2024-09-10T10:15:23Z,2024-09-10T10:15:25Z,7.82123,马林康的Apple Watch,Apple Watch
2024-09-10T10:15:25Z,2024-09-10T10:15:28Z,7.15877,马林康的Apple Watch,Apple Watch
2024-09-10T10:15:28Z,2024-09-10T10:15:31Z,7.83763,马林康的Apple Watch,Apple Watch
2024-09-10T10:15:31Z,2024-09-10T10:15:33Z,7.39032,马林康的Apple Watch,Apple Watch
2024-09-10T10:15:33Z,2024-09-10T10:15:36Z,8.92548,马林康的Apple Watch,Apple Watch
2024-09-10T10:15:36Z,2024-09-10T10:15:38Z,6.76327,马林康的Apple Watch,Apple Watch
2024-09-10T10:15:38Z,2024-09-10T10:15:41Z,7.85674,马林康的Apple Watch,Apple Watch
2024-09-10T10:15:41Z,2024-09-10T10:15:43Z,6.41775,马林康的Apple Watch,Apple Watch
2024-09-10T10:15:43Z,2024-09-10T10:15:46Z,8.23306,马林康的Apple Watch,Apple Watch
2024-09-10T10:15:46Z,2024-09-10T10:15:49Z,8.28303,马林康的Apple Watch,Apple Watch
2024-09-10T10:15:49Z,2024-09-10T10:15:51Z,6.70240,马林康的Apple Watch,Apple Watch
2024-09-10T10:15:51Z,2024-09-10T10:15:54Z,5.89683,马林康的Apple Watch,Apple Watch
2024-09-10T10:15:54Z,2024-09-10T10:15:56Z,6.14878,马林康的Apple Watch,Apple Watch
2024-09-10T10:15:56Z,2024-09-10T10:15:59Z,9.61667,马林康的Apple Watch,Apple Watch
2024-09-10T10:15:59Z,2024-09-10T10:16:02Z,7.09732,马林康的Apple Watch,Apple Watch
2024-09-10T10:16:02Z,2024-09-10T10:16:04Z,8.05784,马林康的Apple Watch,Apple Watch
2024-09-10T10:16:04Z,2024-09-10T10:16:07Z,7.06891,马林康的Apple Watch,Apple Watch
2024-09-10T10:16:07Z,2024-09-10T10:16:09Z,6.69610,马林康的Apple Watch,Apple Watch
2024-09-10T10:16:09Z,2024-09-10T10:16:12Z,9.13449,马林康的Apple Watch,Apple Watch
2024-09-10T10:16:12Z,2024-09-10T10:16:14Z,7.70264,马林康的Apple Watch,Apple Watch
2024-09-10T10:16:14Z,2024-09-10T10:16:17Z,8.05310,马林康的Apple Watch,Apple Watch
2024-09-10T10:16:17Z,2024-09-10T10:16:20Z,7.84539,马林康的Apple Watch,Apple Watch
2024-09-10T10:16:20Z,2024-09-10T10:16:22Z,6.10223,马林康的Apple Watch,Apple Watch
2024-09-10T10:16:22Z,2024-09-10T10:16:25Z,7.68911,马林康的Apple Watch,Apple Watch
2024-09-10T10:16:25Z,2024-09-10T10:16:27Z,6.79751,马林康的Apple Watch,Apple Watch
2024-09-10T10:16:27Z,2024-09-10T10:16:30Z,9.02789,马林康的Apple Watch,Apple Watch
2024-09-10T10:16:30Z,2024-09-10T10:16:32Z,7.81634,马林康的Apple Watch,Apple Watch
2024-09-10T10:16:32Z,2024-09-10T10:16:35Z,8.35496,马林康的Apple Watch,Apple Watch
2024-09-10T10:16:35Z,2024-09-10T10:16:38Z,7.85172,马林康的Apple Watch,Apple Watch
2024-09-10T10:16:38Z,2024-09-10T10:16:40Z,9.14452,马林康的Apple Watch,Apple Watch
2024-09-10T10:16:40Z,2024-09-10T10:16:43Z,7.64239,马林康的Apple Watch,Apple Watch
2024-09-10T10:16:43Z,2024-09-10T10:16:45Z,7.59010,马林康的Apple Watch,Apple Watch
2024-09-10T10:16:45Z,2024-09-10T10:16:48Z,7.78930,马林康的Apple Watch,Apple Watch
2024-09-10T10:16:48Z,2024-09-10T10:16:51Z,6.28196,马林康的Apple Watch,Apple Watch
2024-09-10T10:16:51Z,2024-09-10T10:16:53Z,7.29971,马林康的Apple Watch,Apple Watch
2024-09-10T10:16:53Z,2024-09-10T10:16:56Z,8.95449,马林康的Apple Watch,Apple Watch
2024-09-10T10:16:56Z,2024-09-10T10:16:58Z,7.61881,马林康的Apple Watch,Apple Watch
2024-09-10T10:16:58Z,2024-09-10T10:17:01Z,6.51701,马林康的Apple Watch,Apple Watch
2024-09-10T10:17:01Z,2024-09-10T10:17:03Z,7.63393,马林康的Apple Watch,Apple Watch
2024-09-10T10:17:03Z,2024-09-10T10:17:06Z,8.10601,马林康的Apple Watch,Apple Watch
2024-09-10T10:17:06Z,2024-09-10T10:17:09Z,8.67557,马林康的Apple Watch,Apple Watch
2024-09-10T10:17:09Z,2024-09-10T10:17:11Z,7.73911,马林康的Apple Watch,Apple Watch
2024-09-10T10:17:11Z,2024-09-10T10:17:14Z,7.73774,马林康的Apple Watch,Apple Watch
2024-09-10T10:17:14Z,2024-09-10T10:17:16Z,8.86021,马林康的Apple Watch,Apple Watch
2024-09-10T10:17:16Z,2024-09-10T10:17:19Z,8.06238,马林康的Apple Watch,Apple Watch
2024-09-10T10:17:19Z,2024-09-10T10:17:21Z,6.78658,马林康的Apple Watch,Apple Watch
2024-09-10T10:17:21Z,2024-09-10T10:17:24Z,7.85304,马林康的Apple Watch,Apple Watch
2024-09-10T10:17:24Z,2024-09-10T10:17:27Z,6.27497,马林康的Apple Watch,Apple Watch
2024-09-10T10:17:27Z,2024-09-10T10:17:29Z,7.47326,马林康的Apple Watch,Apple Watch
2024-09-10T10:17:29Z,2024-09-10T10:17:32Z,8.22226,马林康的Apple Watch,Apple Watch
2024-09-10T10:17:32Z,2024-09-10T10:17:34Z,8.54722,马林康的Apple Watch,Apple Watch
2024-09-10T10:17:34Z,2024-09-10T10:17:37Z,6.75133,马林康的Apple Watch,Apple Watch
2024-09-10T10:17:37Z,2024-09-10T10:17:40Z,7.73757,马林康的Apple Watch,Apple Watch
2024-09-10T10:17:40Z,2024-09-10T10:17:42Z,6.51942,马林康的Apple Watch,Apple Watch
2024-09-10T10:17:42Z,2024-09-10T10:17:45Z,6.49493,马林康的Apple Watch,Apple Watch
2024-09-10T10:17:45Z,2024-09-10T10:17:47Z,5.92238,马林康的Apple Watch,Apple Watch
2024-09-10T10:17:47Z,2024-09-10T10:17:50Z,7.92241,马林康的Apple Watch,Apple Watch
2024-09-10T10:17:50Z,2024-09-10T10:17:52Z,7.62099,马林康的Apple Watch,Apple Watch
2024-09-10T10:17:52Z,2024-09-10T10:17:55Z,9.63534,马林康的Apple Watch,Apple Watch
2024-09-10T10:17:55Z,2024-09-10T10:17:58Z,8.20524,马林康的Apple Watch,Apple Watch
2024-09-10T10:17:58Z,2024-09-10T10:18:00Z,7.42017,马林康的Apple Watch,Apple Watch
2024-09-10T10:18:00Z,2024-09-10T10:18:03Z,9.81974,马林康的Apple Watch,Apple Watch
2024-09-10T10:18:03Z,2024-09-10T10:18:05Z,6.23670,马林康的Apple Watch,Apple Watch
2024-09-10T10:18:05Z,2024-09-10T10:18:08Z,6.43157,马林康的Apple Watch,Apple Watch
2024-09-10T10:18:08Z,2024-09-10T10:18:10Z,7.39944,马林康的Apple Watch,Apple Watch
2024-09-10T10:18:10Z,2024-09-10T10:18:13Z,6.67770,马林康的Apple Watch,Apple Watch
2024-09-10T10:18:13Z,2024-09-10T10:18:16Z,6.15230,马林康的Apple Watch,Apple Watch
2024-09-10T10:18:16Z,2024-09-10T10:18:18Z,7.44675,马林康的Apple Watch,Apple Watch
2024-09-10T10:18:18Z,2024-09-10T10:18:21Z,8.00312,马林康的Apple Watch,Apple Watch
2024-09-10T10:18:21Z,2024-09-10T10:18:23Z,8.74653,马林康的Apple Watch,Apple Watch
2024-09-10T10:18:23Z,2024-09-10T10:18:26Z,6.50120,马林康的Apple Watch,Apple Watch
2024-09-10T10:18:26Z,2024-09-10T10:18:29Z,6.71720,马林康的Apple Watch,Apple Watch
2024-09-10T10:18:29Z,2024-09-10T10:18:31Z,7.94574,马林康的Apple Watch,Apple Watch
2024-09-10T10:18:31Z,2024-09-10T10:18:34Z,8.60315,马林康的Apple Watch,Apple Watch
2024-09-10T10:18:34Z,2024-09-10T10:18:36Z,9.72394,马林康的Apple Watch,Apple Watch
2024-09-10T10:18:36Z,2024-09-10T10:18:39Z,11.11589,马林康的Apple Watch,Apple Watch
2024-09-10T10:18:39Z,2024-09-10T10:18:41Z,7.19251,马林康的Apple Watch,Apple Watch
2024-09-10T10:18:41Z,2024-09-10T10:18:44Z,7.60897,马林康的Apple Watch,Apple Watch
2024-09-10T10:18:44Z,2024-09-10T10:18:47Z,6.90043,马林康的Apple Watch,Apple Watch
2024-09-10T10:18:47Z,2024-09-10T10:18:49Z,8.28752,马林康的Apple Watch,Apple Watch
2024-09-10T10:18:49Z,2024-09-10T10:18:52Z,7.59958,马林康的Apple Watch,Apple Watch
2024-09-10T10:18:52Z,2024-09-10T10:18:54Z,8.82251,马林康的Apple Watch,Apple Watch
2024-09-10T10:18:54Z,2024-09-10T10:18:57Z,8.45539,马林康的Apple Watch,Apple Watch
2024-09-10T10:18:57Z,2024-09-10T10:18:59Z,7.63636,马林康的Apple Watch,Apple Watch
2024-09-10T10:18:59Z,2024-09-10T10:19:02Z,8.65883,马林康的Apple Watch,Apple Watch
2024-09-10T10:19:02Z,2024-09-10T10:19:05Z,7.68073,马林康的Apple Watch,Apple Watch
2024-09-10T10:19:05Z,2024-09-10T10:19:07Z,8.08880,马林康的Apple Watch,Apple Watch
2024-09-10T10:19:07Z,2024-09-10T10:19:10Z,9.56134,马林康的Apple Watch,Apple Watch
2024-09-10T10:19:10Z,2024-09-10T10:19:12Z,8.45349,马林康的Apple Watch,Apple Watch
2024-09-10T10:19:12Z,2024-09-10T10:19:15Z,8.07681,马林康的Apple Watch,Apple Watch
2024-09-10T10:19:15Z,2024-09-10T10:19:18Z,10.04511,马林康的Apple Watch,Apple Watch
2024-09-10T10:19:18Z,2024-09-10T10:19:20Z,10.59387,马林康的Apple Watch,Apple Watch
2024-09-10T10:19:20Z,2024-09-10T10:19:23Z,8.62264,马林康的Apple Watch,Apple Watch
2024-09-10T10:19:23Z,2024-09-10T10:19:25Z,7.71798,马林康的Apple Watch,Apple Watch
2024-09-10T10:19:25Z,2024-09-10T10:19:28Z,9.29672,马林康的Apple Watch,Apple Watch
2024-09-10T10:19:28Z,2024-09-10T10:19:30Z,8.89557,马林康的Apple Watch,Apple Watch
2024-09-10T10:19:30Z,2024-09-10T10:19:33Z,7.32637,马林康的Apple Watch,Apple Watch
2024-09-10T10:19:33Z,2024-09-10T10:19:36Z,7.32975,马林康的Apple Watch,Apple Watch
2024-09-10T10:19:36Z,2024-09-10T10:19:38Z,7.96310,马林康的Apple Watch,Apple Watch
2024-09-10T10:19:38Z,2024-09-10T10:19:41Z,9.91851,马林康的Apple Watch,Apple Watch
2024-09-10T10:19:41Z,2024-09-10T10:19:43Z,9.51822,马林康的Apple Watch,Apple Watch
2024-09-10T10:19:43Z,2024-09-10T10:19:46Z,8.36190,马林康的Apple Watch,Apple Watch
2024-09-10T10:19:46Z,2024-09-10T10:19:48Z,7.49021,马林康的Apple Watch,Apple Watch
2024-09-10T10:19:48Z,2024-09-10T10:19:51Z,7.82838,马林康的Apple Watch,Apple Watch
2024-09-10T10:19:51Z,2024-09-10T10:19:54Z,7.82263,马林康的Apple Watch,Apple Watch
2024-09-10T10:19:54Z,2024-09-10T10:19:56Z,7.90398,马林康的Apple Watch,Apple Watch
2024-09-10T10:19:56Z,2024-09-10T10:19:59Z,7.19998,马林康的Apple Watch,Apple Watch
2024-09-10T10:19:59Z,2024-09-10T10:20:01Z,6.52191,马林康的Apple Watch,Apple Watch
2024-09-10T10:20:01Z,2024-09-10T10:20:04Z,8.16284,马林康的Apple Watch,Apple Watch
2024-09-10T10:20:04Z,2024-09-10T10:20:06Z,7.16877,马林康的Apple Watch,Apple Watch
2024-09-10T10:20:06Z,2024-09-10T10:20:09Z,9.16137,马林康的Apple Watch,Apple Watch
2024-09-10T10:20:09Z,2024-09-10T10:20:12Z,7.14823,马林康的Apple Watch,Apple Watch
2024-09-10T10:20:12Z,2024-09-10T10:20:14Z,9.72646,马林康的Apple Watch,Apple Watch
2024-09-10T10:20:14Z,2024-09-10T10:20:17Z,8.97463,马林康的Apple Watch,Apple Watch
2024-09-10T10:20:17Z,2024-09-10T10:20:19Z,8.73834,马林康的Apple Watch,Apple Watch
2024-09-10T10:20:19Z,2024-09-10T10:20:22Z,8.04147,马林康的Apple Watch,Apple Watch
2024-09-10T10:20:22Z,2024-09-10T10:20:25Z,9.60497,马林康的Apple Watch,Apple Watch
2024-09-10T10:20:25Z,2024-09-10T10:20:27Z,10.82783,马林康的Apple Watch,Apple Watch
2024-09-10T10:20:27Z,2024-09-10T10:20:30Z,9.87785,马林康的Apple Watch,Apple Watch
2024-09-10T10:20:30Z,2024-09-10T10:20:32Z,9.02702,马林康的Apple Watch,Apple Watch
2024-09-10T10:20:32Z,2024-09-10T10:20:35Z,8.18872,马林康的Apple Watch,Apple Watch
2024-09-10T10:20:35Z,2024-09-10T10:20:37Z,9.75414,马林康的Apple Watch,Apple Watch
2024-09-10T10:20:37Z,2024-09-10T10:20:40Z,8.31412,马林康的Apple Watch,Apple Watch
2024-09-10T10:20:40Z,2024-09-10T10:20:43Z,8.58674,马林康的Apple Watch,Apple Watch
2024-09-10T10:20:43Z,2024-09-10T10:20:45Z,9.82007,马林康的Apple Watch,Apple Watch
2024-09-10T10:20:45Z,2024-09-10T10:20:48Z,8.33174,马林康的Apple Watch,Apple Watch
2024-09-10T10:20:48Z,2024-09-10T10:20:50Z,6.73383,马林康的Apple Watch,Apple Watch
2024-09-10T10:20:50Z,2024-09-10T10:20:53Z,8.93502,马林康的Apple Watch,Apple Watch
2024-09-10T10:20:53Z,2024-09-10T10:20:55Z,8.99927,马林康的Apple Watch,Apple Watch
2024-09-10T10:20:55Z,2024-09-10T10:20:58Z,9.17544,马林康的Apple Watch,Apple Watch
2024-09-10T10:20:58Z,2024-09-10T10:21:01Z,9.89081,马林康的Apple Watch,Apple Watch
2024-09-10T10:21:01Z,2024-09-10T10:21:03Z,11.52708,马林康的Apple Watch,Apple Watch
2024-09-10T10:21:03Z,2024-09-10T10:21:06Z,10.96850,马林康的Apple Watch,Apple Watch
2024-09-10T10:21:06Z,2024-09-10T10:21:08Z,8.66364,马林康的Apple Watch,Apple Watch
2024-09-10T10:21:08Z,2024-09-10T10:21:11Z,7.91160,马林康的Apple Watch,Apple Watch
2024-09-10T10:21:11Z,2024-09-10T10:21:14Z,9.01773,马林康的Apple Watch,Apple Watch
2024-09-10T10:21:14Z,2024-09-10T10:21:16Z,10.22811,马林康的Apple Watch,Apple Watch
2024-09-10T10:21:16Z,2024-09-10T10:21:19Z,10.24301,马林康的Apple Watch,Apple Watch
2024-09-10T10:21:19Z,2024-09-10T10:21:21Z,10.84593,马林康的Apple Watch,Apple Watch
2024-09-10T10:21:21Z,2024-09-10T10:21:24Z,10.12741,马林康的Apple Watch,Apple Watch
2024-09-10T10:21:24Z,2024-09-10T10:21:26Z,11.22908,马林康的Apple Watch,Apple Watch
2024-09-10T10:21:26Z,2024-09-10T10:21:29Z,12.28912,马林康的Apple Watch,Apple Watch
2024-09-10T10:21:29Z,2024-09-10T10:21:32Z,11.43354,马林康的Apple Watch,Apple Watch
2024-09-10T10:21:32Z,2024-09-10T10:21:34Z,8.99988,马林康的Apple Watch,Apple Watch
2024-09-10T10:21:34Z,2024-09-10T10:21:37Z,8.98162,马林康的Apple Watch,Apple Watch
2024-09-10T10:21:37Z,2024-09-10T10:21:39Z,8.68775,马林康的Apple Watch,Apple Watch
2024-09-10T10:21:39Z,2024-09-10T10:21:42Z,8.79057,马林康的Apple Watch,Apple Watch
2024-09-10T10:21:42Z,2024-09-10T10:21:44Z,8.46016,马林康的Apple Watch,Apple Watch
2024-09-10T10:21:44Z,2024-09-10T10:21:47Z,10.05838,马林康的Apple Watch,Apple Watch
2024-09-10T10:21:47Z,2024-09-10T10:21:50Z,10.90165,马林康的Apple Watch,Apple Watch
2024-09-10T10:21:50Z,2024-09-10T10:21:52Z,8.57297,马林康的Apple Watch,Apple Watch
2024-09-10T10:21:52Z,2024-09-10T10:21:55Z,9.30744,马林康的Apple Watch,Apple Watch
2024-09-10T10:21:55Z,2024-09-10T10:21:57Z,8.64728,马林康的Apple Watch,Apple Watch
2024-09-10T10:21:57Z,2024-09-10T10:22:00Z,9.41976,马林康的Apple Watch,Apple Watch
2024-09-10T10:22:00Z,2024-09-10T10:22:03Z,9.88751,马林康的Apple Watch,Apple Watch
2024-09-10T10:22:03Z,2024-09-10T10:22:05Z,9.35863,马林康的Apple Watch,Apple Watch
2024-09-10T10:22:05Z,2024-09-10T10:22:08Z,10.30621,马林康的Apple Watch,Apple Watch
2024-09-10T10:22:08Z,2024-09-10T10:22:10Z,9.91979,马林康的Apple Watch,Apple Watch
2024-09-10T10:22:10Z,2024-09-10T10:22:13Z,8.67894,马林康的Apple Watch,Apple Watch
2024-09-10T10:22:13Z,2024-09-10T10:22:15Z,7.95642,马林康的Apple Watch,Apple Watch
2024-09-10T10:22:15Z,2024-09-10T10:22:18Z,9.64669,马林康的Apple Watch,Apple Watch
2024-09-10T10:22:18Z,2024-09-10T10:22:21Z,9.34314,马林康的Apple Watch,Apple Watch
2024-09-10T10:22:21Z,2024-09-10T10:22:23Z,10.08136,马林康的Apple Watch,Apple Watch
2024-09-10T10:22:23Z,2024-09-10T10:22:26Z,7.57313,马林康的Apple Watch,Apple Watch
2024-09-10T10:22:26Z,2024-09-10T10:22:28Z,8.52831,马林康的Apple Watch,Apple Watch
2024-09-10T10:22:28Z,2024-09-10T10:22:31Z,8.94205,马林康的Apple Watch,Apple Watch
2024-09-10T10:22:31Z,2024-09-10T10:22:33Z,9.27547,马林康的Apple Watch,Apple Watch
2024-09-10T10:22:33Z,2024-09-10T10:22:36Z,10.64791,马林康的Apple Watch,Apple Watch
2024-09-10T10:22:36Z,2024-09-10T10:22:39Z,11.06286,马林康的Apple Watch,Apple Watch
2024-09-10T10:22:39Z,2024-09-10T10:22:41Z,8.86568,马林康的Apple Watch,Apple Watch
2024-09-10T10:22:41Z,2024-09-10T10:22:44Z,7.99910,马林康的Apple Watch,Apple Watch
2024-09-10T10:22:44Z,2024-09-10T10:22:46Z,7.65374,马林康的Apple Watch,Apple Watch
2024-09-10T10:22:46Z,2024-09-10T10:22:49Z,7.00176,马林康的Apple Watch,Apple Watch
2024-09-10T10:22:49Z,2024-09-10T10:22:52Z,9.32963,马林康的Apple Watch,Apple Watch
2024-09-10T10:22:52Z,2024-09-10T10:22:54Z,9.25200,马林康的Apple Watch,Apple Watch
2024-09-10T10:22:54Z,2024-09-10T10:22:57Z,10.94223,马林康的Apple Watch,Apple Watch
2024-09-10T10:22:57Z,2024-09-10T10:22:59Z,10.91576,马林康的Apple Watch,Apple Watch
2024-09-10T10:22:59Z,2024-09-10T10:23:02Z,8.45023,马林康的Apple Watch,Apple Watch
2024-09-10T10:23:02Z,2024-09-10T10:23:04Z,8.28602,马林康的Apple Watch,Apple Watch
2024-09-10T10:23:04Z,2024-09-10T10:23:07Z,9.66871,马林康的Apple Watch,Apple Watch
2024-09-10T10:23:07Z,2024-09-10T10:23:10Z,8.88119,马林康的Apple Watch,Apple Watch
2024-09-10T10:23:10Z,2024-09-10T10:23:12Z,9.13308,马林康的Apple Watch,Apple Watch
2024-09-10T10:23:12Z,2024-09-10T10:23:15Z,8.72663,马林康的Apple Watch,Apple Watch
2024-09-10T10:23:15Z,2024-09-10T10:23:17Z,7.87887,马林康的Apple Watch,Apple Watch
2024-09-10T10:23:17Z,2024-09-10T10:23:20Z,8.97131,马林康的Apple Watch,Apple Watch
2024-09-10T10:23:20Z,2024-09-10T10:23:22Z,12.00997,马林康的Apple Watch,Apple Watch
2024-09-10T10:23:22Z,2024-09-10T10:23:25Z,11.39350,马林康的Apple Watch,Apple Watch
2024-09-10T10:23:25Z,2024-09-10T10:23:28Z,9.50083,马林康的Apple Watch,Apple Watch
2024-09-10T10:23:28Z,2024-09-10T10:23:30Z,10.07323,马林康的Apple Watch,Apple Watch
2024-09-10T10:23:30Z,2024-09-10T10:23:33Z,9.12996,马林康的Apple Watch,Apple Watch
2024-09-10T10:23:33Z,2024-09-10T10:23:35Z,8.17687,马林康的Apple Watch,Apple Watch
2024-09-10T10:23:35Z,2024-09-10T10:23:38Z,9.49070,马林康的Apple Watch,Apple Watch
2024-09-10T10:23:38Z,2024-09-10T10:23:41Z,8.27422,马林康的Apple Watch,Apple Watch
2024-09-10T10:23:41Z,2024-09-10T10:23:43Z,8.67881,马林康的Apple Watch,Apple Watch
2024-09-10T10:23:43Z,2024-09-10T10:23:46Z,9.86865,马林康的Apple Watch,Apple Watch
2024-09-10T10:23:46Z,2024-09-10T10:23:48Z,9.69382,马林康的Apple Watch,Apple Watch
2024-09-10T10:23:48Z,2024-09-10T10:23:51Z,8.40237,马林康的Apple Watch,Apple Watch
2024-09-10T10:23:51Z,2024-09-10T10:23:53Z,9.93804,马林康的Apple Watch,Apple Watch
2024-09-10T10:23:53Z,2024-09-10T10:23:56Z,9.00953,马林康的Apple Watch,Apple Watch
2024-09-10T10:23:56Z,2024-09-10T10:23:59Z,8.92744,马林康的Apple Watch,Apple Watch
2024-09-10T10:23:59Z,2024-09-10T10:24:01Z,7.84684,马林康的Apple Watch,Apple Watch
2024-09-10T10:24:01Z,2024-09-10T10:24:04Z,9.25126,马林康的Apple Watch,Apple Watch
2024-09-10T10:24:04Z,2024-09-10T10:24:06Z,9.29077,马林康的Apple Watch,Apple Watch
2024-09-10T10:24:06Z,2024-09-10T10:24:09Z,9.39726,马林康的Apple Watch,Apple Watch
2024-09-10T10:24:09Z,2024-09-10T10:24:11Z,9.61309,马林康的Apple Watch,Apple Watch
2024-09-10T10:24:11Z,2024-09-10T10:24:14Z,7.53757,马林康的Apple Watch,Apple Watch
2024-09-10T10:24:14Z,2024-09-10T10:24:17Z,8.18269,马林康的Apple Watch,Apple Watch
2024-09-10T10:24:17Z,2024-09-10T10:24:19Z,9.72396,马林康的Apple Watch,Apple Watch
2024-09-10T10:24:19Z,2024-09-10T10:24:22Z,8.98560,马林康的Apple Watch,Apple Watch
2024-09-10T10:24:22Z,2024-09-10T10:24:24Z,9.29796,马林康的Apple Watch,Apple Watch
2024-09-10T10:24:24Z,2024-09-10T10:24:27Z,8.31799,马林康的Apple Watch,Apple Watch
2024-09-10T10:24:27Z,2024-09-10T10:24:30Z,9.35576,马林康的Apple Watch,Apple Watch
2024-09-10T10:24:30Z,2024-09-10T10:24:32Z,9.07119,马林康的Apple Watch,Apple Watch
2024-09-10T10:24:32Z,2024-09-10T10:24:35Z,9.18137,马林康的Apple Watch,Apple Watch
2024-09-10T10:24:35Z,2024-09-10T10:24:37Z,8.25283,马林康的Apple Watch,Apple Watch
2024-09-10T10:24:37Z,2024-09-10T10:24:40Z,8.20265,马林康的Apple Watch,Apple Watch
2024-09-10T10:24:40Z,2024-09-10T10:24:42Z,9.89752,马林康的Apple Watch,Apple Watch
2024-09-10T10:24:42Z,2024-09-10T10:24:45Z,8.40351,马林康的Apple Watch,Apple Watch
2024-09-10T10:24:45Z,2024-09-10T10:24:48Z,8.30151,马林康的Apple Watch,Apple Watch
2024-09-10T10:24:48Z,2024-09-10T10:24:50Z,9.14365,马林康的Apple Watch,Apple Watch
2024-09-10T10:24:50Z,2024-09-10T10:24:53Z,8.85257,马林康的Apple Watch,Apple Watch
2024-09-10T10:24:53Z,2024-09-10T10:24:55Z,8.22610,马林康的Apple Watch,Apple Watch
2024-09-10T10:24:55Z,2024-09-10T10:24:58Z,9.57297,马林康的Apple Watch,Apple Watch
2024-09-10T10:24:58Z,2024-09-10T10:25:00Z,9.09164,马林康的Apple Watch,Apple Watch
2024-09-10T10:25:00Z,2024-09-10T10:25:03Z,8.82656,马林康的Apple Watch,Apple Watch
2024-09-10T10:25:03Z,2024-09-10T10:25:06Z,11.42703,马林康的Apple Watch,Apple Watch
2024-09-10T10:25:06Z,2024-09-10T10:25:08Z,8.40367,马林康的Apple Watch,Apple Watch
2024-09-10T10:25:08Z,2024-09-10T10:25:11Z,9.18484,马林康的Apple Watch,Apple Watch
2024-09-10T10:25:11Z,2024-09-10T10:25:13Z,10.01520,马林康的Apple Watch,Apple Watch
2024-09-10T10:25:13Z,2024-09-10T10:25:16Z,8.66147,马林康的Apple Watch,Apple Watch
2024-09-10T10:25:16Z,2024-09-10T10:25:19Z,9.58653,马林康的Apple Watch,Apple Watch
2024-09-10T10:25:19Z,2024-09-10T10:25:21Z,8.68002,马林康的Apple Watch,Apple Watch
2024-09-10T10:25:21Z,2024-09-10T10:25:24Z,8.54185,马林康的Apple Watch,Apple Watch
2024-09-10T10:25:24Z,2024-09-10T10:25:26Z,7.11999,马林康的Apple Watch,Apple Watch
2024-09-10T10:25:26Z,2024-09-10T10:25:29Z,8.75464,马林康的Apple Watch,Apple Watch
2024-09-10T10:25:29Z,2024-09-10T10:25:31Z,9.36540,马林康的Apple Watch,Apple Watch
2024-09-10T10:25:31Z,2024-09-10T10:25:34Z,10.76997,马林康的Apple Watch,Apple Watch
2024-09-10T10:25:34Z,2024-09-10T10:25:37Z,11.83521,马林康的Apple Watch,Apple Watch
2024-09-10T10:25:37Z,2024-09-10T10:25:39Z,9.12851,马林康的Apple Watch,Apple Watch
2024-09-10T10:25:39Z,2024-09-10T10:25:42Z,8.85585,马林康的Apple Watch,Apple Watch
2024-09-10T10:25:42Z,2024-09-10T10:25:44Z,9.02391,马林康的Apple Watch,Apple Watch
2024-09-10T10:25:44Z,2024-09-10T10:25:47Z,8.82311,马林康的Apple Watch,Apple Watch
2024-09-10T10:25:47Z,2024-09-10T10:25:49Z,9.11677,马林康的Apple Watch,Apple Watch
2024-09-10T10:25:49Z,2024-09-10T10:25:52Z,8.38056,马林康的Apple Watch,Apple Watch
2024-09-10T10:25:52Z,2024-09-10T10:25:55Z,7.42212,马林康的Apple Watch,Apple Watch
2024-09-10T10:25:55Z,2024-09-10T10:25:57Z,7.61154,马林康的Apple Watch,Apple Watch
2024-09-10T10:25:57Z,2024-09-10T10:26:00Z,7.22667,马林康的Apple Watch,Apple Watch
2024-09-10T10:26:00Z,2024-09-10T10:26:02Z,8.79355,马林康的Apple Watch,Apple Watch
2024-09-10T10:26:02Z,2024-09-10T10:26:05Z,10.31676,马林康的Apple Watch,Apple Watch
2024-09-10T10:26:05Z,2024-09-10T10:26:08Z,8.79379,马林康的Apple Watch,Apple Watch
2024-09-10T10:26:08Z,2024-09-10T10:26:10Z,9.60085,马林康的Apple Watch,Apple Watch
2024-09-10T10:26:10Z,2024-09-10T10:26:13Z,9.52483,马林康的Apple Watch,Apple Watch
2024-09-10T10:26:13Z,2024-09-10T10:26:15Z,10.21844,马林康的Apple Watch,Apple Watch
2024-09-10T10:26:15Z,2024-09-10T10:26:18Z,9.30296,马林康的Apple Watch,Apple Watch
2024-09-10T10:26:18Z,2024-09-10T10:26:20Z,8.67685,马林康的Apple Watch,Apple Watch
2024-09-10T10:26:20Z,2024-09-10T10:26:23Z,10.72962,马林康的Apple Watch,Apple Watch
2024-09-10T10:26:23Z,2024-09-10T10:26:26Z,11.09515,马林康的Apple Watch,Apple Watch
2024-09-10T10:26:26Z,2024-09-10T10:26:28Z,10.10069,马林康的Apple Watch,Apple Watch
2024-09-10T10:26:28Z,2024-09-10T10:26:31Z,10.86100,马林康的Apple Watch,Apple Watch
2024-09-10T10:26:31Z,2024-09-10T10:26:33Z,8.47680,马林康的Apple Watch,Apple Watch
2024-09-10T10:26:33Z,2024-09-10T10:26:36Z,9.59382,马林康的Apple Watch,Apple Watch
2024-09-10T10:26:36Z,2024-09-10T10:26:38Z,5.62179,马林康的Apple Watch,Apple Watch
2024-09-10T10:26:38Z,2024-09-10T10:26:41Z,7.57268,马林康的Apple Watch,Apple Watch
2024-09-10T10:26:41Z,2024-09-10T10:26:44Z,8.28015,马林康的Apple Watch,Apple Watch
2024-09-10T10:26:44Z,2024-09-10T10:26:46Z,9.78014,马林康的Apple Watch,Apple Watch
2024-09-10T10:26:46Z,2024-09-10T10:26:49Z,9.42926,马林康的Apple Watch,Apple Watch
2024-09-10T10:26:49Z,2024-09-10T10:26:51Z,9.48046,马林康的Apple Watch,Apple Watch
2024-09-10T10:26:51Z,2024-09-10T10:26:54Z,9.24436,马林康的Apple Watch,Apple Watch
2024-09-10T10:26:54Z,2024-09-10T10:26:57Z,8.08622,马林康的Apple Watch,Apple Watch
2024-09-10T10:26:57Z,2024-09-10T10:26:59Z,10.18767,马林康的Apple Watch,Apple Watch
2024-09-10T10:26:59Z,2024-09-10T10:27:02Z,7.84244,马林康的Apple Watch,Apple Watch
2024-09-10T10:27:02Z,2024-09-10T10:27:04Z,9.66181,马林康的Apple Watch,Apple Watch
2024-09-10T10:27:04Z,2024-09-10T10:27:07Z,10.40336,马林康的Apple Watch,Apple Watch
2024-09-10T10:27:07Z,2024-09-10T10:27:09Z,9.39725,马林康的Apple Watch,Apple Watch
2024-09-10T10:27:09Z,2024-09-10T10:27:12Z,7.20381,马林康的Apple Watch,Apple Watch
2024-09-10T10:27:12Z,2024-09-10T10:27:15Z,7.90564,马林康的Apple Watch,Apple Watch
2024-09-10T10:27:15Z,2024-09-10T10:27:17Z,7.26150,马林康的Apple Watch,Apple Watch
2024-09-10T10:27:17Z,2024-09-10T10:27:20Z,6.88759,马林康的Apple Watch,Apple Watch
2024-09-10T10:27:20Z,2024-09-10T10:27:22Z,8.42913,马林康的Apple Watch,Apple Watch
2024-09-10T10:27:22Z,2024-09-10T10:27:25Z,8.70352,马林康的Apple Watch,Apple Watch
2024-09-10T10:27:25Z,2024-09-10T10:27:27Z,9.24374,马林康的Apple Watch,Apple Watch
2024-09-10T10:27:27Z,2024-09-10T10:27:30Z,10.09927,马林康的Apple Watch,Apple Watch
2024-09-10T10:27:30Z,2024-09-10T10:27:33Z,8.66766,马林康的Apple Watch,Apple Watch
2024-09-10T10:27:33Z,2024-09-10T10:27:35Z,9.77541,马林康的Apple Watch,Apple Watch
2024-09-10T10:27:35Z,2024-09-10T10:27:38Z,9.87800,马林康的Apple Watch,Apple Watch
2024-09-10T10:27:38Z,2024-09-10T10:27:40Z,11.50828,马林康的Apple Watch,Apple Watch
2024-09-10T10:27:40Z,2024-09-10T10:27:43Z,8.77286,马林康的Apple Watch,Apple Watch
2024-09-10T10:27:43Z,2024-09-10T10:27:45Z,7.73428,马林康的Apple Watch,Apple Watch
2024-09-10T10:27:45Z,2024-09-10T10:27:48Z,9.06458,马林康的Apple Watch,Apple Watch
2024-09-10T10:27:48Z,2024-09-10T10:27:51Z,6.84614,马林康的Apple Watch,Apple Watch
2024-09-10T10:27:51Z,2024-09-10T10:27:53Z,5.78396,马林康的Apple Watch,Apple Watch
2024-09-10T10:27:53Z,2024-09-10T10:27:56Z,8.81467,马林康的Apple Watch,Apple Watch
2024-09-10T10:27:56Z,2024-09-10T10:27:58Z,7.81341,马林康的Apple Watch,Apple Watch
2024-09-10T10:27:58Z,2024-09-10T10:28:01Z,8.33884,马林康的Apple Watch,Apple Watch
2024-09-10T10:28:01Z,2024-09-10T10:28:04Z,6.71947,马林康的Apple Watch,Apple Watch
2024-09-10T10:28:04Z,2024-09-10T10:28:06Z,8.97254,马林康的Apple Watch,Apple Watch
2024-09-10T10:28:06Z,2024-09-10T10:28:09Z,8.26934,马林康的Apple Watch,Apple Watch
2024-09-10T10:28:09Z,2024-09-10T10:28:11Z,8.90439,马林康的Apple Watch,Apple Watch
2024-09-10T10:28:11Z,2024-09-10T10:28:14Z,7.79792,马林康的Apple Watch,Apple Watch
2024-09-10T10:28:14Z,2024-09-10T10:28:16Z,9.67904,马林康的Apple Watch,Apple Watch
2024-09-10T10:28:16Z,2024-09-10T10:28:19Z,7.13840,马林康的Apple Watch,Apple Watch
2024-09-10T10:28:19Z,2024-09-10T10:28:22Z,9.63837,马林康的Apple Watch,Apple Watch
2024-09-10T10:28:22Z,2024-09-10T10:28:24Z,10.18963,马林康的Apple Watch,Apple Watch
2024-09-10T10:28:24Z,2024-09-10T10:28:27Z,10.75481,马林康的Apple Watch,Apple Watch
2024-09-10T10:28:27Z,2024-09-10T10:28:29Z,15.77693,马林康的Apple Watch,Apple Watch
2024-09-10T10:28:29Z,2024-09-10T10:28:32Z,8.16914,马林康的Apple Watch,Apple Watch
2024-09-10T10:28:32Z,2024-09-10T10:28:34Z,7.74715,马林康的Apple Watch,Apple Watch
2024-09-10T10:28:34Z,2024-09-10T10:28:37Z,9.46330,马林康的Apple Watch,Apple Watch
2024-09-10T10:28:37Z,2024-09-10T10:28:40Z,6.62292,马林康的Apple Watch,Apple Watch
2024-09-10T10:28:40Z,2024-09-10T10:28:42Z,7.39895,马林康的Apple Watch,Apple Watch
2024-09-10T10:28:42Z,2024-09-10T10:28:45Z,9.39151,马林康的Apple Watch,Apple Watch
2024-09-10T10:28:45Z,2024-09-10T10:28:47Z,6.31585,马林康的Apple Watch,Apple Watch
2024-09-10T10:28:47Z,2024-09-10T10:28:50Z,10.25285,马林康的Apple Watch,Apple Watch
2024-09-10T10:28:50Z,2024-09-10T10:28:52Z,9.27065,马林康的Apple Watch,Apple Watch
2024-09-10T10:28:52Z,2024-09-10T10:28:55Z,8.58838,马林康的Apple Watch,Apple Watch
2024-09-10T10:28:55Z,2024-09-10T10:28:58Z,8.61946,马林康的Apple Watch,Apple Watch
2024-09-10T10:28:58Z,2024-09-10T10:29:00Z,8.26115,马林康的Apple Watch,Apple Watch
2024-09-10T10:29:00Z,2024-09-10T10:29:03Z,8.91259,马林康的Apple Watch,Apple Watch
2024-09-10T10:29:03Z,2024-09-10T10:29:05Z,9.03411,马林康的Apple Watch,Apple Watch
2024-09-10T10:29:05Z,2024-09-10T10:29:08Z,7.24931,马林康的Apple Watch,Apple Watch
2024-09-10T10:29:08Z,2024-09-10T10:29:11Z,9.37111,马林康的Apple Watch,Apple Watch
2024-09-10T10:29:11Z,2024-09-10T10:29:13Z,6.95082,马林康的Apple Watch,Apple Watch
2024-09-10T10:29:13Z,2024-09-10T10:29:16Z,9.55416,马林康的Apple Watch,Apple Watch
2024-09-10T10:29:16Z,2024-09-10T10:29:18Z,7.56803,马林康的Apple Watch,Apple Watch
2024-09-10T10:29:18Z,2024-09-10T10:29:21Z,8.16793,马林康的Apple Watch,Apple Watch
2024-09-10T10:29:21Z,2024-09-10T10:29:23Z,6.16236,马林康的Apple Watch,Apple Watch
2024-09-10T10:29:23Z,2024-09-10T10:29:26Z,8.32050,马林康的Apple Watch,Apple Watch
2024-09-10T10:29:26Z,2024-09-10T10:29:29Z,6.59267,马林康的Apple Watch,Apple Watch
2024-09-10T10:29:29Z,2024-09-10T10:29:31Z,6.06276,马林康的Apple Watch,Apple Watch
2024-09-10T10:29:31Z,2024-09-10T10:29:34Z,7.43924,马林康的Apple Watch,Apple Watch
2024-09-10T10:29:34Z,2024-09-10T10:29:36Z,7.43433,马林康的Apple Watch,Apple Watch
2024-09-10T10:29:36Z,2024-09-10T10:29:39Z,5.81632,马林康的Apple Watch,Apple Watch
2024-09-10T10:29:39Z,2024-09-10T10:29:41Z,7.99747,马林康的Apple Watch,Apple Watch
2024-09-10T10:29:41Z,2024-09-10T10:29:44Z,8.70461,马林康的Apple Watch,Apple Watch
2024-09-10T10:29:44Z,2024-09-10T10:29:47Z,7.95091,马林康的Apple Watch,Apple Watch
2024-09-10T10:29:47Z,2024-09-10T10:29:49Z,6.52586,马林康的Apple Watch,Apple Watch
2024-09-10T10:29:49Z,2024-09-10T10:29:52Z,8.41710,马林康的Apple Watch,Apple Watch
2024-09-10T10:29:52Z,2024-09-10T10:29:54Z,9.48264,马林康的Apple Watch,Apple Watch
2024-09-10T10:29:54Z,2024-09-10T10:29:57Z,9.00697,马林康的Apple Watch,Apple Watch
2024-09-10T10:29:57Z,2024-09-10T10:29:59Z,9.21173,马林康的Apple Watch,Apple Watch
2024-09-10T10:29:59Z,2024-09-10T10:30:02Z,7.96333,马林康的Apple Watch,Apple Watch
2024-09-10T10:30:02Z,2024-09-10T10:30:05Z,9.62319,马林康的Apple Watch,Apple Watch
2024-09-10T10:30:05Z,2024-09-10T10:30:07Z,10.03865,马林康的Apple Watch,Apple Watch
2024-09-10T10:30:07Z,2024-09-10T10:30:10Z,8.95892,马林康的Apple Watch,Apple Watch
2024-09-10T10:30:10Z,2024-09-10T10:30:12Z,9.70165,马林康的Apple Watch,Apple Watch
2024-09-10T10:30:12Z,2024-09-10T10:30:15Z,7.80474,马林康的Apple Watch,Apple Watch
2024-09-10T10:30:15Z,2024-09-10T10:30:18Z,8.39872,马林康的Apple Watch,Apple Watch
2024-09-10T10:30:18Z,2024-09-10T10:30:20Z,9.95758,马林康的Apple Watch,Apple Watch
2024-09-10T10:30:20Z,2024-09-10T10:30:23Z,9.16545,马林康的Apple Watch,Apple Watch
2024-09-10T10:30:23Z,2024-09-10T10:30:25Z,9.05327,马林康的Apple Watch,Apple Watch
2024-09-10T10:30:25Z,2024-09-10T10:30:28Z,8.94506,马林康的Apple Watch,Apple Watch
2024-09-10T10:30:28Z,2024-09-10T10:30:30Z,6.98108,马林康的Apple Watch,Apple Watch
2024-09-10T10:30:30Z,2024-09-10T10:30:33Z,7.72470,马林康的Apple Watch,Apple Watch
2024-09-10T10:30:33Z,2024-09-10T10:30:36Z,9.35138,马林康的Apple Watch,Apple Watch
2024-09-10T10:30:36Z,2024-09-10T10:30:38Z,9.42957,马林康的Apple Watch,Apple Watch
2024-09-10T10:30:38Z,2024-09-10T10:30:41Z,9.04138,马林康的Apple Watch,Apple Watch
2024-09-10T10:30:41Z,2024-09-10T10:30:43Z,8.05295,马林康的Apple Watch,Apple Watch
2024-09-10T10:30:43Z,2024-09-10T10:30:46Z,8.29828,马林康的Apple Watch,Apple Watch
2024-09-10T10:30:46Z,2024-09-10T10:30:48Z,8.50909,马林康的Apple Watch,Apple Watch
2024-09-10T10:30:48Z,2024-09-10T10:30:51Z,9.38342,马林康的Apple Watch,Apple Watch
2024-09-10T10:30:51Z,2024-09-10T10:30:54Z,9.48360,马林康的Apple Watch,Apple Watch
2024-09-10T10:30:54Z,2024-09-10T10:30:56Z,7.02119,马林康的Apple Watch,Apple Watch
2024-09-10T10:30:56Z,2024-09-10T10:30:59Z,9.92819,马林康的Apple Watch,Apple Watch
2024-09-10T10:30:59Z,2024-09-10T10:31:01Z,7.61499,马林康的Apple Watch,Apple Watch
2024-09-10T10:31:01Z,2024-09-10T10:31:04Z,9.21269,马林康的Apple Watch,Apple Watch
2024-09-10T10:31:04Z,2024-09-10T10:31:07Z,8.81965,马林康的Apple Watch,Apple Watch
2024-09-10T10:31:07Z,2024-09-10T10:31:09Z,9.63081,马林康的Apple Watch,Apple Watch
2024-09-10T10:31:09Z,2024-09-10T10:31:12Z,7.12276,马林康的Apple Watch,Apple Watch
2024-09-10T10:31:12Z,2024-09-10T10:31:14Z,8.44254,马林康的Apple Watch,Apple Watch
2024-09-10T10:31:14Z,2024-09-10T10:31:17Z,9.46515,马林康的Apple Watch,Apple Watch
2024-09-10T10:31:17Z,2024-09-10T10:31:19Z,9.30863,马林康的Apple Watch,Apple Watch
2024-09-10T10:31:19Z,2024-09-10T10:31:22Z,9.30877,马林康的Apple Watch,Apple Watch
2024-09-10T10:31:22Z,2024-09-10T10:31:25Z,8.08199,马林康的Apple Watch,Apple Watch
2024-09-10T10:31:25Z,2024-09-10T10:31:27Z,7.27434,马林康的Apple Watch,Apple Watch
2024-09-10T10:31:27Z,2024-09-10T10:31:30Z,8.26985,马林康的Apple Watch,Apple Watch
2024-09-10T10:31:30Z,2024-09-10T10:31:32Z,9.36355,马林康的Apple Watch,Apple Watch
2024-09-10T10:31:32Z,2024-09-10T10:31:35Z,7.42622,马林康的Apple Watch,Apple Watch
2024-09-10T10:31:35Z,2024-09-10T10:31:37Z,5.77751,马林康的Apple Watch,Apple Watch
2024-09-10T10:31:37Z,2024-09-10T10:31:40Z,8.96857,马林康的Apple Watch,Apple Watch
2024-09-10T10:31:40Z,2024-09-10T10:31:43Z,8.71447,马林康的Apple Watch,Apple Watch
2024-09-10T10:31:43Z,2024-09-10T10:31:45Z,9.10231,马林康的Apple Watch,Apple Watch
2024-09-10T10:31:45Z,2024-09-10T10:31:48Z,9.64385,马林康的Apple Watch,Apple Watch
2024-09-10T10:31:48Z,2024-09-10T10:31:50Z,6.64872,马林康的Apple Watch,Apple Watch
2024-09-10T10:31:50Z,2024-09-10T10:31:53Z,7.76983,马林康的Apple Watch,Apple Watch
2024-09-10T10:31:53Z,2024-09-10T10:31:56Z,8.18121,马林康的Apple Watch,Apple Watch
2024-09-10T10:31:56Z,2024-09-10T10:31:58Z,8.96141,马林康的Apple Watch,Apple Watch
2024-09-10T10:31:58Z,2024-09-10T10:32:01Z,9.05857,马林康的Apple Watch,Apple Watch
2024-09-10T10:32:01Z,2024-09-10T10:32:03Z,8.51764,马林康的Apple Watch,Apple Watch
2024-09-10T10:32:03Z,2024-09-10T10:32:06Z,8.28437,马林康的Apple Watch,Apple Watch
2024-09-10T10:32:06Z,2024-09-10T10:32:08Z,6.13385,马林康的Apple Watch,Apple Watch
2024-09-10T10:32:08Z,2024-09-10T10:32:11Z,8.16238,马林康的Apple Watch,Apple Watch
2024-09-10T10:32:11Z,2024-09-10T10:32:14Z,7.46717,马林康的Apple Watch,Apple Watch
2024-09-10T10:32:14Z,2024-09-10T10:32:16Z,8.47083,马林康的Apple Watch,Apple Watch
2024-09-10T10:32:16Z,2024-09-10T10:32:19Z,7.81585,马林康的Apple Watch,Apple Watch
2024-09-10T10:32:19Z,2024-09-10T10:32:21Z,9.04606,马林康的Apple Watch,Apple Watch
2024-09-10T10:32:21Z,2024-09-10T10:32:24Z,8.09263,马林康的Apple Watch,Apple Watch
2024-09-10T10:32:24Z,2024-09-10T10:32:26Z,9.02576,马林康的Apple Watch,Apple Watch
2024-09-10T10:32:26Z,2024-09-10T10:32:29Z,9.21488,马林康的Apple Watch,Apple Watch
2024-09-10T10:32:29Z,2024-09-10T10:32:32Z,7.49584,马林康的Apple Watch,Apple Watch
2024-09-10T10:32:32Z,2024-09-10T10:32:34Z,6.64584,马林康的Apple Watch,Apple Watch
2024-09-10T10:32:34Z,2024-09-10T10:32:37Z,9.88240,马林康的Apple Watch,Apple Watch
2024-09-10T10:32:37Z,2024-09-10T10:32:39Z,7.72442,马林康的Apple Watch,Apple Watch
2024-09-10T10:32:39Z,2024-09-10T10:32:42Z,8.08637,马林康的Apple Watch,Apple Watch
2024-09-10T10:32:42Z,2024-09-10T10:32:45Z,6.37563,马林康的Apple Watch,Apple Watch
2024-09-10T10:32:45Z,2024-09-10T10:32:47Z,8.26758,马林康的Apple Watch,Apple Watch
2024-09-10T10:32:47Z,2024-09-10T10:32:50Z,8.66219,马林康的Apple Watch,Apple Watch
2024-09-10T10:32:50Z,2024-09-10T10:32:52Z,6.87588,马林康的Apple Watch,Apple Watch
2024-09-10T10:32:52Z,2024-09-10T10:32:55Z,8.04992,马林康的Apple Watch,Apple Watch
2024-09-10T10:32:55Z,2024-09-10T10:32:57Z,8.19317,马林康的Apple Watch,Apple Watch
2024-09-10T10:32:57Z,2024-09-10T10:33:00Z,4.99768,马林康的Apple Watch,Apple Watch
2024-09-10T10:33:00Z,2024-09-10T10:33:03Z,9.17071,马林康的Apple Watch,Apple Watch
2024-09-10T10:33:03Z,2024-09-10T10:33:05Z,8.12162,马林康的Apple Watch,Apple Watch
2024-09-10T10:33:05Z,2024-09-10T10:33:08Z,6.03241,马林康的Apple Watch,Apple Watch
2024-09-10T10:33:08Z,2024-09-10T10:33:10Z,6.61712,马林康的Apple Watch,Apple Watch
2024-09-10T10:33:10Z,2024-09-10T10:33:13Z,5.31604,马林康的Apple Watch,Apple Watch
2024-09-10T10:33:13Z,2024-09-10T10:33:15Z,5.31032,马林康的Apple Watch,Apple Watch
2024-09-10T10:33:15Z,2024-09-10T10:33:18Z,7.69920,马林康的Apple Watch,Apple Watch
2024-09-10T10:33:18Z,2024-09-10T10:33:21Z,6.25417,马林康的Apple Watch,Apple Watch
2024-09-10T10:33:21Z,2024-09-10T10:33:23Z,6.62320,马林康的Apple Watch,Apple Watch
2024-09-10T10:33:23Z,2024-09-10T10:33:26Z,7.13186,马林康的Apple Watch,Apple Watch
2024-09-10T10:33:26Z,2024-09-10T10:33:28Z,8.95631,马林康的Apple Watch,Apple Watch
2024-09-10T10:33:28Z,2024-09-10T10:33:31Z,8.37113,马林康的Apple Watch,Apple Watch
2024-09-10T10:33:31Z,2024-09-10T10:33:34Z,7.83271,马林康的Apple Watch,Apple Watch
2024-09-10T10:33:34Z,2024-09-10T10:33:36Z,7.68801,马林康的Apple Watch,Apple Watch
2024-09-10T10:33:36Z,2024-09-10T10:33:39Z,8.66097,马林康的Apple Watch,Apple Watch
2024-09-10T10:33:39Z,2024-09-10T10:33:41Z,7.38954,马林康的Apple Watch,Apple Watch
2024-09-10T10:33:41Z,2024-09-10T10:33:44Z,9.17104,马林康的Apple Watch,Apple Watch
2024-09-10T10:33:44Z,2024-09-10T10:33:46Z,8.32336,马林康的Apple Watch,Apple Watch
2024-09-10T10:33:46Z,2024-09-10T10:33:49Z,7.69394,马林康的Apple Watch,Apple Watch
2024-09-10T10:33:49Z,2024-09-10T10:33:52Z,9.81790,马林康的Apple Watch,Apple Watch
2024-09-10T10:33:52Z,2024-09-10T10:33:54Z,6.81872,马林康的Apple Watch,Apple Watch
2024-09-10T10:33:54Z,2024-09-10T10:33:57Z,7.89967,马林康的Apple Watch,Apple Watch
2024-09-10T10:33:57Z,2024-09-10T10:33:59Z,9.62625,马林康的Apple Watch,Apple Watch
2024-09-10T10:33:59Z,2024-09-10T10:34:02Z,7.09787,马林康的Apple Watch,Apple Watch
2024-09-10T10:34:02Z,2024-09-10T10:34:04Z,6.43742,马林康的Apple Watch,Apple Watch
2024-09-10T10:34:04Z,2024-09-10T10:34:07Z,6.65655,马林康的Apple Watch,Apple Watch
2024-09-10T10:34:07Z,2024-09-10T10:34:10Z,6.24380,马林康的Apple Watch,Apple Watch
2024-09-10T10:34:10Z,2024-09-10T10:34:12Z,7.68515,马林康的Apple Watch,Apple Watch
2024-09-10T10:34:12Z,2024-09-10T10:34:15Z,6.69163,马林康的Apple Watch,Apple Watch
2024-09-10T10:34:15Z,2024-09-10T10:34:17Z,6.49825,马林康的Apple Watch,Apple Watch
2024-09-10T10:34:17Z,2024-09-10T10:34:20Z,3.83828,马林康的Apple Watch,Apple Watch
2024-09-10T10:34:20Z,2024-09-10T10:34:22Z,4.50597,马林康的Apple Watch,Apple Watch
2024-09-10T10:34:22Z,2024-09-10T10:34:25Z,9.51731,马林康的Apple Watch,Apple Watch
2024-09-10T10:34:25Z,2024-09-10T10:34:28Z,9.34537,马林康的Apple Watch,Apple Watch
2024-09-10T10:34:28Z,2024-09-10T10:34:30Z,7.39722,马林康的Apple Watch,Apple Watch
2024-09-10T10:34:30Z,2024-09-10T10:34:33Z,7.29192,马林康的Apple Watch,Apple Watch
2024-09-10T10:34:33Z,2024-09-10T10:34:35Z,6.39057,马林康的Apple Watch,Apple Watch
2024-09-10T10:34:35Z,2024-09-10T10:34:38Z,8.97722,马林康的Apple Watch,Apple Watch
2024-09-10T10:34:38Z,2024-09-10T10:34:41Z,5.73246,马林康的Apple Watch,Apple Watch
2024-09-10T10:34:41Z,2024-09-10T10:34:43Z,8.00196,马林康的Apple Watch,Apple Watch
2024-09-10T10:34:43Z,2024-09-10T10:34:46Z,6.18482,马林康的Apple Watch,Apple Watch
2024-09-10T10:34:46Z,2024-09-10T10:34:48Z,8.59617,马林康的Apple Watch,Apple Watch
2024-09-10T10:34:48Z,2024-09-10T10:34:51Z,7.80421,马林康的Apple Watch,Apple Watch
2024-09-10T10:34:51Z,2024-09-10T10:34:53Z,8.47470,马林康的Apple Watch,Apple Watch
2024-09-10T10:34:53Z,2024-09-10T10:34:56Z,7.42155,马林康的Apple Watch,Apple Watch
2024-09-10T10:34:56Z,2024-09-10T10:34:59Z,5.81067,马林康的Apple Watch,Apple Watch
2024-09-10T10:34:59Z,2024-09-10T10:35:01Z,8.39811,马林康的Apple Watch,Apple Watch
2024-09-10T10:35:01Z,2024-09-10T10:35:04Z,7.46038,马林康的Apple Watch,Apple Watch
2024-09-10T10:35:04Z,2024-09-10T10:35:06Z,8.16635,马林康的Apple Watch,Apple Watch
2024-09-10T10:35:06Z,2024-09-10T10:35:09Z,7.45047,马林康的Apple Watch,Apple Watch
2024-09-10T10:35:09Z,2024-09-10T10:35:11Z,9.37839,马林康的Apple Watch,Apple Watch
2024-09-10T10:35:11Z,2024-09-10T10:35:14Z,6.84940,马林康的Apple Watch,Apple Watch
2024-09-10T10:35:14Z,2024-09-10T10:35:17Z,5.91875,马林康的Apple Watch,Apple Watch
2024-09-10T10:35:17Z,2024-09-10T10:35:19Z,6.03818,马林康的Apple Watch,Apple Watch
2024-09-10T10:35:19Z,2024-09-10T10:35:22Z,7.12739,马林康的Apple Watch,Apple Watch
2024-09-10T10:35:22Z,2024-09-10T10:35:24Z,8.01177,马林康的Apple Watch,Apple Watch
2024-09-10T10:35:24Z,2024-09-10T10:35:27Z,7.22612,马林康的Apple Watch,Apple Watch
2024-09-10T10:35:27Z,2024-09-10T10:35:30Z,6.34697,马林康的Apple Watch,Apple Watch
2024-09-10T10:35:30Z,2024-09-10T10:35:32Z,6.45951,马林康的Apple Watch,Apple Watch
2024-09-10T10:35:32Z,2024-09-10T10:35:35Z,6.74856,马林康的Apple Watch,Apple Watch
2024-09-10T10:35:35Z,2024-09-10T10:35:37Z,6.66996,马林康的Apple Watch,Apple Watch
2024-09-10T10:35:37Z,2024-09-10T10:35:40Z,8.33774,马林康的Apple Watch,Apple Watch
2024-09-10T10:35:40Z,2024-09-10T10:35:42Z,6.72876,马林康的Apple Watch,Apple Watch
2024-09-10T10:35:42Z,2024-09-10T10:35:45Z,8.82570,马林康的Apple Watch,Apple Watch
2024-09-10T10:35:45Z,2024-09-10T10:35:48Z,7.89060,马林康的Apple Watch,Apple Watch
2024-09-10T10:35:48Z,2024-09-10T10:35:50Z,7.89274,马林康的Apple Watch,Apple Watch
2024-09-10T10:35:50Z,2024-09-10T10:35:53Z,8.21492,马林康的Apple Watch,Apple Watch
2024-09-10T10:35:53Z,2024-09-10T10:35:55Z,6.52504,马林康的Apple Watch,Apple Watch
2024-09-10T10:35:55Z,2024-09-10T10:35:58Z,9.38258,马林康的Apple Watch,Apple Watch
2024-09-10T10:35:58Z,2024-09-10T10:36:00Z,7.95474,马林康的Apple Watch,Apple Watch
2024-09-10T10:36:00Z,2024-09-10T10:36:03Z,9.34033,马林康的Apple Watch,Apple Watch
2024-09-10T10:36:03Z,2024-09-10T10:36:06Z,7.01267,马林康的Apple Watch,Apple Watch
2024-09-10T10:36:06Z,2024-09-10T10:36:08Z,7.78126,马林康的Apple Watch,Apple Watch
2024-09-10T10:36:08Z,2024-09-10T10:36:11Z,6.23275,马林康的Apple Watch,Apple Watch
2024-09-10T10:36:11Z,2024-09-10T10:36:13Z,7.90481,马林康的Apple Watch,Apple Watch
2024-09-10T10:36:13Z,2024-09-10T10:36:16Z,6.95002,马林康的Apple Watch,Apple Watch
2024-09-10T10:36:16Z,2024-09-10T10:36:18Z,8.37979,马林康的Apple Watch,Apple Watch
2024-09-10T10:36:18Z,2024-09-10T10:36:21Z,8.78295,马林康的Apple Watch,Apple Watch
2024-09-10T10:36:21Z,2024-09-10T10:36:24Z,7.61687,马林康的Apple Watch,Apple Watch
2024-09-10T10:36:24Z,2024-09-10T10:36:26Z,8.17720,马林康的Apple Watch,Apple Watch
2024-09-10T10:36:26Z,2024-09-10T10:36:29Z,6.81951,马林康的Apple Watch,Apple Watch
2024-09-10T10:36:29Z,2024-09-10T10:36:31Z,7.95675,马林康的Apple Watch,Apple Watch
2024-09-10T10:36:31Z,2024-09-10T10:36:34Z,6.47801,马林康的Apple Watch,Apple Watch
2024-09-10T10:36:34Z,2024-09-10T10:36:37Z,7.56411,马林康的Apple Watch,Apple Watch
2024-09-10T10:36:37Z,2024-09-10T10:36:39Z,7.10179,马林康的Apple Watch,Apple Watch
2024-09-10T10:36:39Z,2024-09-10T10:36:42Z,8.01527,马林康的Apple Watch,Apple Watch
2024-09-10T10:36:42Z,2024-09-10T10:36:44Z,6.36399,马林康的Apple Watch,Apple Watch
2024-09-10T10:36:44Z,2024-09-10T10:36:47Z,7.05793,马林康的Apple Watch,Apple Watch
2024-09-10T10:36:47Z,2024-09-10T10:36:49Z,5.98710,马林康的Apple Watch,Apple Watch
2024-09-10T10:36:49Z,2024-09-10T10:36:52Z,5.98975,马林康的Apple Watch,Apple Watch
2024-09-10T10:36:52Z,2024-09-10T10:36:55Z,7.28525,马林康的Apple Watch,Apple Watch
2024-09-10T10:36:55Z,2024-09-10T10:36:57Z,7.90178,马林康的Apple Watch,Apple Watch
2024-09-10T10:36:57Z,2024-09-10T10:37:00Z,5.96185,马林康的Apple Watch,Apple Watch
2024-09-10T10:37:00Z,2024-09-10T10:37:02Z,8.82317,马林康的Apple Watch,Apple Watch
2024-09-10T10:37:02Z,2024-09-10T10:37:05Z,7.68457,马林康的Apple Watch,Apple Watch
2024-09-10T10:37:05Z,2024-09-10T10:37:07Z,7.35708,马林康的Apple Watch,Apple Watch
2024-09-10T10:37:07Z,2024-09-10T10:37:10Z,7.41386,马林康的Apple Watch,Apple Watch
2024-09-10T10:37:10Z,2024-09-10T10:37:13Z,6.56129,马林康的Apple Watch,Apple Watch
2024-09-10T10:37:13Z,2024-09-10T10:37:15Z,7.10275,马林康的Apple Watch,Apple Watch
2024-09-10T10:37:15Z,2024-09-10T10:37:18Z,6.09443,马林康的Apple Watch,Apple Watch
2024-09-10T10:37:18Z,2024-09-10T10:37:20Z,8.13896,马林康的Apple Watch,Apple Watch
2024-09-10T10:37:20Z,2024-09-10T10:37:23Z,7.00687,马林康的Apple Watch,Apple Watch
2024-09-10T10:37:23Z,2024-09-10T10:37:26Z,6.58597,马林康的Apple Watch,Apple Watch
2024-09-10T10:37:26Z,2024-09-10T10:37:28Z,9.18325,马林康的Apple Watch,Apple Watch
2024-09-10T10:37:28Z,2024-09-10T10:37:31Z,6.71720,马林康的Apple Watch,Apple Watch
2024-09-10T10:37:31Z,2024-09-10T10:37:33Z,8.92207,马林康的Apple Watch,Apple Watch
2024-09-10T10:37:33Z,2024-09-10T10:37:36Z,7.72472,马林康的Apple Watch,Apple Watch
2024-09-10T10:37:36Z,2024-09-10T10:37:38Z,8.12929,马林康的Apple Watch,Apple Watch
2024-09-10T10:37:38Z,2024-09-10T10:37:41Z,5.94569,马林康的Apple Watch,Apple Watch
2024-09-10T10:37:41Z,2024-09-10T10:37:44Z,7.41225,马林康的Apple Watch,Apple Watch
2024-09-10T10:37:44Z,2024-09-10T10:37:46Z,6.91793,马林康的Apple Watch,Apple Watch
2024-09-10T10:37:46Z,2024-09-10T10:37:49Z,6.87615,马林康的Apple Watch,Apple Watch
2024-09-10T10:37:49Z,2024-09-10T10:37:51Z,7.68413,马林康的Apple Watch,Apple Watch
2024-09-10T10:37:51Z,2024-09-10T10:37:54Z,6.27961,马林康的Apple Watch,Apple Watch
2024-09-10T10:37:54Z,2024-09-10T10:37:56Z,8.09101,马林康的Apple Watch,Apple Watch
2024-09-10T10:37:56Z,2024-09-10T10:37:59Z,7.57432,马林康的Apple Watch,Apple Watch
2024-09-10T10:37:59Z,2024-09-10T10:38:02Z,6.14928,马林康的Apple Watch,Apple Watch
2024-09-10T10:38:02Z,2024-09-10T10:38:04Z,6.44603,马林康的Apple Watch,Apple Watch
2024-09-10T10:38:04Z,2024-09-10T10:38:07Z,6.95317,马林康的Apple Watch,Apple Watch
2024-09-10T10:38:07Z,2024-09-10T10:38:09Z,6.65723,马林康的Apple Watch,Apple Watch
2024-09-10T10:38:09Z,2024-09-10T10:38:12Z,7.06082,马林康的Apple Watch,Apple Watch
2024-09-10T10:38:12Z,2024-09-10T10:38:14Z,5.83870,马林康的Apple Watch,Apple Watch
2024-09-10T10:38:14Z,2024-09-10T10:38:17Z,6.37942,马林康的Apple Watch,Apple Watch
2024-09-10T10:38:17Z,2024-09-10T10:38:20Z,8.06573,马林康的Apple Watch,Apple Watch
2024-09-10T10:38:20Z,2024-09-10T10:38:22Z,9.10769,马林康的Apple Watch,Apple Watch
2024-09-10T10:38:22Z,2024-09-10T10:38:25Z,8.04438,马林康的Apple Watch,Apple Watch
2024-09-10T10:38:25Z,2024-09-10T10:38:27Z,7.05769,马林康的Apple Watch,Apple Watch
2024-09-10T10:38:27Z,2024-09-10T10:38:30Z,5.31137,马林康的Apple Watch,Apple Watch
2024-09-10T10:38:30Z,2024-09-10T10:38:33Z,8.99252,马林康的Apple Watch,Apple Watch
2024-09-10T10:38:33Z,2024-09-10T10:38:35Z,8.22206,马林康的Apple Watch,Apple Watch
2024-09-10T10:38:35Z,2024-09-10T10:38:38Z,8.26953,马林康的Apple Watch,Apple Watch
2024-09-10T10:38:38Z,2024-09-10T10:38:40Z,7.23539,马林康的Apple Watch,Apple Watch
2024-09-10T10:38:40Z,2024-09-10T10:38:43Z,6.14222,马林康的Apple Watch,Apple Watch
2024-09-10T10:38:43Z,2024-09-10T10:38:45Z,6.91663,马林康的Apple Watch,Apple Watch
2024-09-10T10:38:45Z,2024-09-10T10:38:48Z,6.43498,马林康的Apple Watch,Apple Watch
2024-09-10T10:38:48Z,2024-09-10T10:38:51Z,8.27854,马林康的Apple Watch,Apple Watch
2024-09-10T10:38:51Z,2024-09-10T10:38:53Z,6.08171,马林康的Apple Watch,Apple Watch
2024-09-10T10:38:53Z,2024-09-10T10:38:56Z,7.07387,马林康的Apple Watch,Apple Watch
2024-09-10T10:38:56Z,2024-09-10T10:38:58Z,5.66304,马林康的Apple Watch,Apple Watch
2024-09-10T10:38:58Z,2024-09-10T10:39:01Z,7.18879,马林康的Apple Watch,Apple Watch
2024-09-10T10:39:01Z,2024-09-10T10:39:03Z,6.66109,马林康的Apple Watch,Apple Watch
2024-09-10T10:39:03Z,2024-09-10T10:39:06Z,7.33838,马林康的Apple Watch,Apple Watch
2024-09-10T10:39:06Z,2024-09-10T10:39:09Z,7.00257,马林康的Apple Watch,Apple Watch
2024-09-10T10:39:09Z,2024-09-10T10:39:11Z,6.59832,马林康的Apple Watch,Apple Watch
2024-09-10T10:39:11Z,2024-09-10T10:39:14Z,7.58898,马林康的Apple Watch,Apple Watch
2024-09-10T10:39:14Z,2024-09-10T10:39:16Z,6.73053,马林康的Apple Watch,Apple Watch
2024-09-10T10:39:16Z,2024-09-10T10:39:19Z,7.60692,马林康的Apple Watch,Apple Watch
2024-09-10T10:39:19Z,2024-09-10T10:39:22Z,7.32510,马林康的Apple Watch,Apple Watch
2024-09-10T10:39:22Z,2024-09-10T10:39:24Z,6.28192,马林康的Apple Watch,Apple Watch
2024-09-10T10:39:24Z,2024-09-10T10:39:27Z,7.34890,马林康的Apple Watch,Apple Watch
2024-09-10T10:39:27Z,2024-09-10T10:39:29Z,6.39243,马林康的Apple Watch,Apple Watch
2024-09-10T10:39:29Z,2024-09-10T10:39:32Z,7.12542,马林康的Apple Watch,Apple Watch
2024-09-10T10:39:32Z,2024-09-10T10:39:34Z,7.35755,马林康的Apple Watch,Apple Watch
2024-09-10T10:39:34Z,2024-09-10T10:39:37Z,5.28117,马林康的Apple Watch,Apple Watch
2024-09-10T10:40:00Z,2024-09-10T10:40:03Z,5.90739,马林康的Apple Watch,Apple Watch
2024-09-10T10:40:03Z,2024-09-10T10:40:05Z,8.11108,马林康的Apple Watch,Apple Watch
2024-09-10T10:40:05Z,2024-09-10T10:40:08Z,9.68073,马林康的Apple Watch,Apple Watch
2024-09-10T10:40:08Z,2024-09-10T10:40:10Z,8.19612,马林康的Apple Watch,Apple Watch
2024-09-10T10:40:10Z,2024-09-10T10:40:13Z,8.74034,马林康的Apple Watch,Apple Watch
2024-09-10T10:40:13Z,2024-09-10T10:40:16Z,12.67174,马林康的Apple Watch,Apple Watch
2024-09-10T10:40:16Z,2024-09-10T10:40:18Z,7.40562,马林康的Apple Watch,Apple Watch
2024-09-10T10:40:18Z,2024-09-10T10:40:21Z,7.37458,马林康的Apple Watch,Apple Watch
2024-09-10T10:40:21Z,2024-09-10T10:40:23Z,8.22425,马林康的Apple Watch,Apple Watch
2024-09-10T10:40:23Z,2024-09-10T10:40:26Z,8.83430,马林康的Apple Watch,Apple Watch
2024-09-10T10:40:26Z,2024-09-10T10:40:28Z,7.01366,马林康的Apple Watch,Apple Watch
2024-09-10T10:40:28Z,2024-09-10T10:40:31Z,7.94657,马林康的Apple Watch,Apple Watch
2024-09-10T10:40:31Z,2024-09-10T10:40:34Z,9.71202,马林康的Apple Watch,Apple Watch
2024-09-10T10:40:34Z,2024-09-10T10:40:36Z,8.07653,马林康的Apple Watch,Apple Watch
2024-09-10T10:40:36Z,2024-09-10T10:40:39Z,8.13243,马林康的Apple Watch,Apple Watch
2024-09-10T10:40:39Z,2024-09-10T10:40:41Z,9.09702,马林康的Apple Watch,Apple Watch
2024-09-10T10:40:41Z,2024-09-10T10:40:44Z,8.60167,马林康的Apple Watch,Apple Watch
2024-09-10T10:40:44Z,2024-09-10T10:40:46Z,6.28347,马林康的Apple Watch,Apple Watch
2024-09-10T10:40:46Z,2024-09-10T10:40:49Z,6.64464,马林康的Apple Watch,Apple Watch
2024-09-10T10:40:49Z,2024-09-10T10:40:52Z,5.87619,马林康的Apple Watch,Apple Watch
2024-09-10T10:40:52Z,2024-09-10T10:40:54Z,7.49833,马林康的Apple Watch,Apple Watch
2024-09-10T10:40:54Z,2024-09-10T10:40:57Z,7.70123,马林康的Apple Watch,Apple Watch
2024-09-10T10:40:57Z,2024-09-10T10:40:59Z,7.09481,马林康的Apple Watch,Apple Watch
2024-09-10T10:40:59Z,2024-09-10T10:41:02Z,9.03264,马林康的Apple Watch,Apple Watch
2024-09-10T10:41:02Z,2024-09-10T10:41:05Z,7.05652,马林康的Apple Watch,Apple Watch
2024-09-10T10:41:05Z,2024-09-10T10:41:07Z,7.93052,马林康的Apple Watch,Apple Watch
2024-09-10T10:41:07Z,2024-09-10T10:41:10Z,7.18108,马林康的Apple Watch,Apple Watch
2024-09-10T10:41:10Z,2024-09-10T10:41:12Z,8.22525,马林康的Apple Watch,Apple Watch
2024-09-10T10:41:12Z,2024-09-10T10:41:15Z,8.45287,马林康的Apple Watch,Apple Watch
2024-09-10T10:41:15Z,2024-09-10T10:41:17Z,8.12772,马林康的Apple Watch,Apple Watch
2024-09-10T10:41:17Z,2024-09-10T10:41:20Z,8.73452,马林康的Apple Watch,Apple Watch
2024-09-10T10:41:20Z,2024-09-10T10:41:23Z,9.18128,马林康的Apple Watch,Apple Watch
2024-09-10T10:41:23Z,2024-09-10T10:41:25Z,6.58182,马林康的Apple Watch,Apple Watch
2024-09-10T10:41:25Z,2024-09-10T10:41:28Z,9.28460,马林康的Apple Watch,Apple Watch
2024-09-10T10:41:28Z,2024-09-10T10:41:30Z,10.35070,马林康的Apple Watch,Apple Watch
2024-09-10T10:41:30Z,2024-09-10T10:41:33Z,8.07267,马林康的Apple Watch,Apple Watch
2024-09-10T10:41:33Z,2024-09-10T10:41:35Z,6.43484,马林康的Apple Watch,Apple Watch
2024-09-10T10:41:35Z,2024-09-10T10:41:38Z,7.68772,马林康的Apple Watch,Apple Watch
2024-09-10T10:41:38Z,2024-09-10T10:41:41Z,6.42000,马林康的Apple Watch,Apple Watch
2024-09-10T10:41:41Z,2024-09-10T10:41:43Z,6.88074,马林康的Apple Watch,Apple Watch
2024-09-10T10:41:43Z,2024-09-10T10:41:46Z,5.47002,马林康的Apple Watch,Apple Watch
2024-09-10T10:41:46Z,2024-09-10T10:41:48Z,7.90351,马林康的Apple Watch,Apple Watch
2024-09-10T10:41:48Z,2024-09-10T10:41:51Z,6.57345,马林康的Apple Watch,Apple Watch
2024-09-10T10:41:51Z,2024-09-10T10:41:54Z,8.41258,马林康的Apple Watch,Apple Watch
2024-09-10T10:41:54Z,2024-09-10T10:41:56Z,7.61423,马林康的Apple Watch,Apple Watch
2024-09-10T10:41:56Z,2024-09-10T10:41:59Z,8.32038,马林康的Apple Watch,Apple Watch
2024-09-10T10:41:59Z,2024-09-10T10:42:01Z,6.77914,马林康的Apple Watch,Apple Watch
2024-09-10T10:42:01Z,2024-09-10T10:42:04Z,8.43278,马林康的Apple Watch,Apple Watch
2024-09-10T10:42:04Z,2024-09-10T10:42:06Z,7.33802,马林康的Apple Watch,Apple Watch
2024-09-10T10:42:06Z,2024-09-10T10:42:09Z,7.57175,马林康的Apple Watch,Apple Watch
2024-09-10T10:42:09Z,2024-09-10T10:42:12Z,6.33331,马林康的Apple Watch,Apple Watch
2024-09-10T10:42:12Z,2024-09-10T10:42:14Z,7.53120,马林康的Apple Watch,Apple Watch
2024-09-10T10:42:14Z,2024-09-10T10:42:17Z,6.68652,马林康的Apple Watch,Apple Watch
2024-09-10T10:42:17Z,2024-09-10T10:42:19Z,7.52604,马林康的Apple Watch,Apple Watch
2024-09-10T10:42:19Z,2024-09-10T10:42:22Z,5.27390,马林康的Apple Watch,Apple Watch
2024-09-10T10:42:22Z,2024-09-10T10:42:24Z,6.49095,马林康的Apple Watch,Apple Watch
2024-09-10T10:42:24Z,2024-09-10T10:42:27Z,6.39350,马林康的Apple Watch,Apple Watch
2024-09-10T10:42:27Z,2024-09-10T10:42:30Z,6.44854,马林康的Apple Watch,Apple Watch
2024-09-10T10:42:30Z,2024-09-10T10:42:32Z,5.68171,马林康的Apple Watch,Apple Watch
2024-09-10T10:42:32Z,2024-09-10T10:42:35Z,7.73394,马林康的Apple Watch,Apple Watch
2024-09-10T10:42:35Z,2024-09-10T10:42:37Z,7.09416,马林康的Apple Watch,Apple Watch
2024-09-10T10:42:37Z,2024-09-10T10:42:40Z,7.59613,马林康的Apple Watch,Apple Watch
2024-09-10T10:42:40Z,2024-09-10T10:42:43Z,6.05846,马林康的Apple Watch,Apple Watch
2024-09-10T10:42:43Z,2024-09-10T10:42:45Z,8.03088,马林康的Apple Watch,Apple Watch
2024-09-10T10:42:45Z,2024-09-10T10:42:48Z,8.05570,马林康的Apple Watch,Apple Watch
2024-09-10T10:42:48Z,2024-09-10T10:42:50Z,8.31826,马林康的Apple Watch,Apple Watch
2024-09-10T10:42:50Z,2024-09-10T10:42:53Z,6.46372,马林康的Apple Watch,Apple Watch
2024-09-10T10:42:53Z,2024-09-10T10:42:55Z,6.72465,马林康的Apple Watch,Apple Watch
2024-09-10T10:42:55Z,2024-09-10T10:42:58Z,6.65039,马林康的Apple Watch,Apple Watch
2024-09-10T10:42:58Z,2024-09-10T10:43:01Z,7.66959,马林康的Apple Watch,Apple Watch
2024-09-10T10:43:01Z,2024-09-10T10:43:03Z,5.93533,马林康的Apple Watch,Apple Watch
2024-09-10T10:43:03Z,2024-09-10T10:43:06Z,7.32827,马林康的Apple Watch,Apple Watch
2024-09-10T10:43:06Z,2024-09-10T10:43:08Z,7.37526,马林康的Apple Watch,Apple Watch
2024-09-10T10:43:08Z,2024-09-10T10:43:11Z,6.45767,马林康的Apple Watch,Apple Watch
2024-09-10T10:43:11Z,2024-09-10T10:43:13Z,7.96585,马林康的Apple Watch,Apple Watch
2024-09-10T10:43:13Z,2024-09-10T10:43:16Z,7.17560,马林康的Apple Watch,Apple Watch
2024-09-10T10:43:16Z,2024-09-10T10:43:19Z,8.00859,马林康的Apple Watch,Apple Watch
2024-09-10T10:43:19Z,2024-09-10T10:43:21Z,7.26781,马林康的Apple Watch,Apple Watch
2024-09-10T10:43:21Z,2024-09-10T10:43:24Z,8.99114,马林康的Apple Watch,Apple Watch
2024-09-10T10:43:24Z,2024-09-10T10:43:26Z,7.34436,马林康的Apple Watch,Apple Watch
2024-09-10T10:43:26Z,2024-09-10T10:43:29Z,7.45461,马林康的Apple Watch,Apple Watch
2024-09-10T10:43:29Z,2024-09-10T10:43:32Z,7.95584,马林康的Apple Watch,Apple Watch
2024-09-10T10:43:32Z,2024-09-10T10:43:34Z,9.30901,马林康的Apple Watch,Apple Watch
2024-09-10T10:43:34Z,2024-09-10T10:43:37Z,7.08521,马林康的Apple Watch,Apple Watch
2024-09-10T10:43:37Z,2024-09-10T10:43:39Z,7.57450,马林康的Apple Watch,Apple Watch
2024-09-10T10:43:39Z,2024-09-10T10:43:42Z,6.23119,马林康的Apple Watch,Apple Watch
2024-09-10T10:43:42Z,2024-09-10T10:43:44Z,7.19627,马林康的Apple Watch,Apple Watch
2024-09-10T10:43:44Z,2024-09-10T10:43:47Z,6.04139,马林康的Apple Watch,Apple Watch
2024-09-10T10:43:47Z,2024-09-10T10:43:50Z,7.53180,马林康的Apple Watch,Apple Watch
2024-09-10T10:43:50Z,2024-09-10T10:43:52Z,7.65371,马林康的Apple Watch,Apple Watch
2024-09-10T10:43:52Z,2024-09-10T10:43:55Z,8.56022,马林康的Apple Watch,Apple Watch
2024-09-10T10:43:55Z,2024-09-10T10:43:57Z,8.14767,马林康的Apple Watch,Apple Watch
2024-09-10T10:43:57Z,2024-09-10T10:44:00Z,8.43993,马林康的Apple Watch,Apple Watch
2024-09-10T10:44:00Z,2024-09-10T10:44:02Z,7.02334,马林康的Apple Watch,Apple Watch
2024-09-10T10:44:02Z,2024-09-10T10:44:05Z,6.89312,马林康的Apple Watch,Apple Watch
2024-09-10T10:44:05Z,2024-09-10T10:44:08Z,6.49618,马林康的Apple Watch,Apple Watch
2024-09-10T10:44:08Z,2024-09-10T10:44:10Z,7.82279,马林康的Apple Watch,Apple Watch
2024-09-10T10:44:10Z,2024-09-10T10:44:13Z,4.50042,马林康的Apple Watch,Apple Watch
2024-09-10T10:44:13Z,2024-09-10T10:44:15Z,0.69455,马林康的Apple Watch,Apple Watch
2024-09-10T10:44:15Z,2024-09-10T10:44:18Z,5.67509,马林康的Apple Watch,Apple Watch
2024-09-10T10:44:18Z,2024-09-10T10:44:21Z,7.04723,马林康的Apple Watch,Apple Watch
2024-09-10T10:44:21Z,2024-09-10T10:44:23Z,7.32156,马林康的Apple Watch,Apple Watch
2024-09-10T10:44:23Z,2024-09-10T10:44:26Z,7.14368,马林康的Apple Watch,Apple Watch
2024-09-10T10:44:26Z,2024-09-10T10:44:28Z,8.87923,马林康的Apple Watch,Apple Watch
2024-09-10T10:44:28Z,2024-09-10T10:44:31Z,9.21354,马林康的Apple Watch,Apple Watch
2024-09-10T10:44:31Z,2024-09-10T10:44:33Z,8.66345,马林康的Apple Watch,Apple Watch
2024-09-10T10:44:33Z,2024-09-10T10:44:36Z,7.22549,马林康的Apple Watch,Apple Watch
2024-09-10T10:44:36Z,2024-09-10T10:44:39Z,7.62397,马林康的Apple Watch,Apple Watch
2024-09-10T10:44:39Z,2024-09-10T10:44:41Z,6.19552,马林康的Apple Watch,Apple Watch
2024-09-10T10:44:41Z,2024-09-10T10:44:44Z,8.61082,马林康的Apple Watch,Apple Watch
2024-09-10T10:44:44Z,2024-09-10T10:44:46Z,5.78071,马林康的Apple Watch,Apple Watch
2024-09-10T10:44:46Z,2024-09-10T10:44:49Z,8.32745,马林康的Apple Watch,Apple Watch
2024-09-10T10:44:49Z,2024-09-10T10:44:51Z,8.81877,马林康的Apple Watch,Apple Watch
2024-09-10T10:44:51Z,2024-09-10T10:44:54Z,7.09591,马林康的Apple Watch,Apple Watch
2024-09-10T10:44:54Z,2024-09-10T10:44:57Z,8.52023,马林康的Apple Watch,Apple Watch
2024-09-10T10:44:57Z,2024-09-10T10:44:59Z,7.55348,马林康的Apple Watch,Apple Watch
2024-09-10T10:44:59Z,2024-09-10T10:45:02Z,7.10053,马林康的Apple Watch,Apple Watch
2024-09-10T10:45:02Z,2024-09-10T10:45:04Z,5.97884,马林康的Apple Watch,Apple Watch
2024-09-10T10:45:04Z,2024-09-10T10:45:07Z,8.20740,马林康的Apple Watch,Apple Watch
2024-09-10T10:45:07Z,2024-09-10T10:45:10Z,7.14746,马林康的Apple Watch,Apple Watch
2024-09-10T10:45:10Z,2024-09-10T10:45:12Z,5.89141,马林康的Apple Watch,Apple Watch
2024-09-10T10:45:12Z,2024-09-10T10:45:15Z,6.65434,马林康的Apple Watch,Apple Watch
2024-09-10T10:45:15Z,2024-09-10T10:45:17Z,6.75704,马林康的Apple Watch,Apple Watch
2024-09-10T10:45:17Z,2024-09-10T10:45:20Z,8.22585,马林康的Apple Watch,Apple Watch
2024-09-10T10:45:20Z,2024-09-10T10:45:22Z,8.33528,马林康的Apple Watch,Apple Watch
2024-09-10T10:45:22Z,2024-09-10T10:45:25Z,8.06481,马林康的Apple Watch,Apple Watch
2024-09-10T10:45:25Z,2024-09-10T10:45:28Z,6.69968,马林康的Apple Watch,Apple Watch
2024-09-10T10:45:28Z,2024-09-10T10:45:30Z,6.16232,马林康的Apple Watch,Apple Watch
2024-09-10T10:45:30Z,2024-09-10T10:45:33Z,9.56733,马林康的Apple Watch,Apple Watch
2024-09-10T10:45:33Z,2024-09-10T10:45:35Z,8.35180,马林康的Apple Watch,Apple Watch
2024-09-10T10:45:35Z,2024-09-10T10:45:38Z,7.78877,马林康的Apple Watch,Apple Watch
2024-09-10T10:45:38Z,2024-09-10T10:45:40Z,6.42536,马林康的Apple Watch,Apple Watch
2024-09-10T10:45:40Z,2024-09-10T10:45:43Z,6.11335,马林康的Apple Watch,Apple Watch
2024-09-10T10:45:43Z,2024-09-10T10:45:46Z,7.39365,马林康的Apple Watch,Apple Watch
2024-09-10T10:45:46Z,2024-09-10T10:45:48Z,7.02095,马林康的Apple Watch,Apple Watch
2024-09-10T10:45:48Z,2024-09-10T10:45:51Z,6.12540,马林康的Apple Watch,Apple Watch
2024-09-10T10:45:51Z,2024-09-10T10:45:53Z,9.04709,马林康的Apple Watch,Apple Watch
2024-09-10T10:45:53Z,2024-09-10T10:45:56Z,6.95006,马林康的Apple Watch,Apple Watch
2024-09-10T10:45:56Z,2024-09-10T10:45:59Z,6.51369,马林康的Apple Watch,Apple Watch
2024-09-10T10:45:59Z,2024-09-10T10:46:01Z,6.20449,马林康的Apple Watch,Apple Watch
2024-09-10T10:46:01Z,2024-09-10T10:46:04Z,6.33188,马林康的Apple Watch,Apple Watch
2024-09-10T10:46:04Z,2024-09-10T10:46:06Z,8.47416,马林康的Apple Watch,Apple Watch
2024-09-10T10:46:06Z,2024-09-10T10:46:09Z,7.03139,马林康的Apple Watch,Apple Watch
2024-09-10T10:46:09Z,2024-09-10T10:46:11Z,6.63856,马林康的Apple Watch,Apple Watch
2024-09-10T10:46:11Z,2024-09-10T10:46:14Z,9.81275,马林康的Apple Watch,Apple Watch
2024-09-10T10:46:14Z,2024-09-10T10:46:17Z,7.28098,马林康的Apple Watch,Apple Watch
2024-09-10T10:46:17Z,2024-09-10T10:46:19Z,7.73746,马林康的Apple Watch,Apple Watch
2024-09-10T10:46:19Z,2024-09-10T10:46:22Z,7.37418,马林康的Apple Watch,Apple Watch
2024-09-10T10:46:22Z,2024-09-10T10:46:24Z,8.98144,马林康的Apple Watch,Apple Watch
2024-09-10T10:46:24Z,2024-09-10T10:46:27Z,8.89708,马林康的Apple Watch,Apple Watch
2024-09-10T10:46:27Z,2024-09-10T10:46:29Z,6.71179,马林康的Apple Watch,Apple Watch
2024-09-10T10:46:29Z,2024-09-10T10:46:32Z,5.94310,马林康的Apple Watch,Apple Watch
2024-09-10T10:46:32Z,2024-09-10T10:46:35Z,8.83365,马林康的Apple Watch,Apple Watch
2024-09-10T10:46:35Z,2024-09-10T10:46:37Z,6.65018,马林康的Apple Watch,Apple Watch
2024-09-10T10:46:37Z,2024-09-10T10:46:40Z,7.40768,马林康的Apple Watch,Apple Watch
2024-09-10T10:46:40Z,2024-09-10T10:46:42Z,6.21624,马林康的Apple Watch,Apple Watch
2024-09-10T10:46:42Z,2024-09-10T10:46:45Z,7.68787,马林康的Apple Watch,Apple Watch
2024-09-10T10:46:45Z,2024-09-10T10:46:47Z,6.54822,马林康的Apple Watch,Apple Watch
2024-09-10T10:46:47Z,2024-09-10T10:46:50Z,6.49180,马林康的Apple Watch,Apple Watch
2024-09-10T10:46:50Z,2024-09-10T10:46:53Z,5.06137,马林康的Apple Watch,Apple Watch
2024-09-10T10:46:53Z,2024-09-10T10:46:55Z,7.43352,马林康的Apple Watch,Apple Watch
2024-09-10T10:46:55Z,2024-09-10T10:46:58Z,7.79686,马林康的Apple Watch,Apple Watch
2024-09-10T10:46:58Z,2024-09-10T10:47:00Z,8.12972,马林康的Apple Watch,Apple Watch
2024-09-10T10:47:00Z,2024-09-10T10:47:03Z,8.82157,马林康的Apple Watch,Apple Watch
2024-09-10T10:47:03Z,2024-09-10T10:47:06Z,6.35786,马林康的Apple Watch,Apple Watch
2024-09-10T10:47:06Z,2024-09-10T10:47:08Z,6.57007,马林康的Apple Watch,Apple Watch
2024-09-10T10:47:08Z,2024-09-10T10:47:11Z,5.93404,马林康的Apple Watch,Apple Watch
2024-09-10T10:47:11Z,2024-09-10T10:47:13Z,7.90221,马林康的Apple Watch,Apple Watch
2024-09-10T10:47:13Z,2024-09-10T10:47:16Z,4.94544,马林康的Apple Watch,Apple Watch
2024-09-10T10:47:16Z,2024-09-10T10:47:18Z,6.48748,马林康的Apple Watch,Apple Watch
2024-09-10T10:47:18Z,2024-09-10T10:47:21Z,7.98716,马林康的Apple Watch,Apple Watch
2024-09-10T10:47:21Z,2024-09-10T10:47:24Z,6.90366,马林康的Apple Watch,Apple Watch
2024-09-10T10:47:24Z,2024-09-10T10:47:26Z,7.71550,马林康的Apple Watch,Apple Watch
2024-09-10T10:47:26Z,2024-09-10T10:47:29Z,6.40414,马林康的Apple Watch,Apple Watch
2024-09-10T10:47:29Z,2024-09-10T10:47:31Z,8.59109,马林康的Apple Watch,Apple Watch
2024-09-10T10:47:31Z,2024-09-10T10:47:34Z,6.39478,马林康的Apple Watch,Apple Watch
2024-09-10T10:47:34Z,2024-09-10T10:47:36Z,5.92317,马林康的Apple Watch,Apple Watch
2024-09-10T10:47:36Z,2024-09-10T10:47:39Z,9.24988,马林康的Apple Watch,Apple Watch
2024-09-10T10:47:39Z,2024-09-10T10:47:42Z,8.43490,马林康的Apple Watch,Apple Watch
2024-09-10T10:47:42Z,2024-09-10T10:47:44Z,8.20934,马林康的Apple Watch,Apple Watch
2024-09-10T10:47:44Z,2024-09-10T10:47:47Z,7.68391,马林康的Apple Watch,Apple Watch
2024-09-10T10:47:47Z,2024-09-10T10:47:49Z,9.85932,马林康的Apple Watch,Apple Watch
2024-09-10T10:47:49Z,2024-09-10T10:47:52Z,9.42223,马林康的Apple Watch,Apple Watch
2024-09-10T10:47:52Z,2024-09-10T10:47:55Z,8.31515,马林康的Apple Watch,Apple Watch
2024-09-10T10:47:55Z,2024-09-10T10:47:57Z,8.55070,马林康的Apple Watch,Apple Watch
2024-09-10T10:47:57Z,2024-09-10T10:48:00Z,8.32133,马林康的Apple Watch,Apple Watch
2024-09-10T10:48:00Z,2024-09-10T10:48:02Z,6.50992,马林康的Apple Watch,Apple Watch
2024-09-10T10:48:02Z,2024-09-10T10:48:05Z,7.67593,马林康的Apple Watch,Apple Watch
2024-09-10T10:48:05Z,2024-09-10T10:48:07Z,7.52401,马林康的Apple Watch,Apple Watch
2024-09-10T10:48:07Z,2024-09-10T10:48:10Z,8.57881,马林康的Apple Watch,Apple Watch
2024-09-10T10:48:10Z,2024-09-10T10:48:13Z,6.85069,马林康的Apple Watch,Apple Watch
2024-09-10T10:48:13Z,2024-09-10T10:48:15Z,6.69088,马林康的Apple Watch,Apple Watch
2024-09-10T10:48:15Z,2024-09-10T10:48:18Z,7.41522,马林康的Apple Watch,Apple Watch
2024-09-10T10:48:18Z,2024-09-10T10:48:20Z,6.46661,马林康的Apple Watch,Apple Watch
2024-09-10T10:48:20Z,2024-09-10T10:48:23Z,5.42978,马林康的Apple Watch,Apple Watch
2024-09-10T10:48:23Z,2024-09-10T10:48:25Z,6.75406,马林康的Apple Watch,Apple Watch
2024-09-10T10:48:25Z,2024-09-10T10:48:28Z,6.72766,马林康的Apple Watch,Apple Watch
2024-09-10T10:48:28Z,2024-09-10T10:48:31Z,8.63691,马林康的Apple Watch,Apple Watch
2024-09-10T10:48:31Z,2024-09-10T10:48:33Z,7.15857,马林康的Apple Watch,Apple Watch
2024-09-10T10:48:33Z,2024-09-10T10:48:36Z,7.90819,马林康的Apple Watch,Apple Watch
2024-09-10T10:48:36Z,2024-09-10T10:48:38Z,7.77117,马林康的Apple Watch,Apple Watch
2024-09-10T10:48:38Z,2024-09-10T10:48:41Z,6.22685,马林康的Apple Watch,Apple Watch
2024-09-10T10:48:41Z,2024-09-10T10:48:44Z,8.43457,马林康的Apple Watch,Apple Watch
2024-09-10T10:48:44Z,2024-09-10T10:48:46Z,7.38297,马林康的Apple Watch,Apple Watch
2024-09-10T10:48:46Z,2024-09-10T10:48:49Z,8.05984,马林康的Apple Watch,Apple Watch
2024-09-10T10:48:49Z,2024-09-10T10:48:51Z,6.88445,马林康的Apple Watch,Apple Watch
2024-09-10T10:48:51Z,2024-09-10T10:48:54Z,9.13069,马林康的Apple Watch,Apple Watch
2024-09-10T10:48:54Z,2024-09-10T10:48:56Z,7.51613,马林康的Apple Watch,Apple Watch
2024-09-10T10:48:56Z,2024-09-10T10:48:59Z,8.18353,马林康的Apple Watch,Apple Watch
2024-09-10T10:48:59Z,2024-09-10T10:49:02Z,7.43279,马林康的Apple Watch,Apple Watch
2024-09-10T10:49:02Z,2024-09-10T10:49:04Z,8.35339,马林康的Apple Watch,Apple Watch
2024-09-10T10:49:04Z,2024-09-10T10:49:07Z,5.36870,马林康的Apple Watch,Apple Watch
2024-09-10T10:49:07Z,2024-09-10T10:49:09Z,5.70776,马林康的Apple Watch,Apple Watch
2024-09-10T10:49:09Z,2024-09-10T10:49:12Z,5.01234,马林康的Apple Watch,Apple Watch
2024-09-10T10:49:12Z,2024-09-10T10:49:14Z,6.69060,马林康的Apple Watch,Apple Watch
2024-09-10T10:49:14Z,2024-09-10T10:49:17Z,6.65563,马林康的Apple Watch,Apple Watch
2024-09-10T10:49:17Z,2024-09-10T10:49:20Z,8.56895,马林康的Apple Watch,Apple Watch
2024-09-10T10:49:20Z,2024-09-10T10:49:22Z,8.15840,马林康的Apple Watch,Apple Watch
2024-09-10T10:49:22Z,2024-09-10T10:49:25Z,7.63809,马林康的Apple Watch,Apple Watch
2024-09-10T10:49:25Z,2024-09-10T10:49:27Z,6.70023,马林康的Apple Watch,Apple Watch
2024-09-10T10:49:27Z,2024-09-10T10:49:30Z,6.63796,马林康的Apple Watch,Apple Watch
2024-09-10T10:49:30Z,2024-09-10T10:49:33Z,7.53263,马林康的Apple Watch,Apple Watch
2024-09-10T10:49:33Z,2024-09-10T10:49:35Z,7.33955,马林康的Apple Watch,Apple Watch
2024-09-10T10:49:35Z,2024-09-10T10:49:38Z,7.05321,马林康的Apple Watch,Apple Watch
2024-09-10T10:49:38Z,2024-09-10T10:49:40Z,7.25474,马林康的Apple Watch,Apple Watch
2024-09-10T10:49:40Z,2024-09-10T10:49:43Z,8.89533,马林康的Apple Watch,Apple Watch
2024-09-10T10:49:43Z,2024-09-10T10:49:45Z,7.91910,马林康的Apple Watch,Apple Watch
2024-09-10T10:49:45Z,2024-09-10T10:49:48Z,7.98998,马林康的Apple Watch,Apple Watch
2024-09-10T10:49:48Z,2024-09-10T10:49:51Z,6.83624,马林康的Apple Watch,Apple Watch
2024-09-10T10:49:51Z,2024-09-10T10:49:53Z,6.59527,马林康的Apple Watch,Apple Watch
2024-09-10T10:50:29Z,2024-09-10T10:50:32Z,11.11349,马林康的Apple Watch,Apple Watch
2024-09-10T10:50:32Z,2024-09-10T10:50:34Z,8.08254,马林康的Apple Watch,Apple Watch
2024-09-10T10:50:34Z,2024-09-10T10:50:37Z,8.51196,马林康的Apple Watch,Apple Watch
2024-09-10T10:50:37Z,2024-09-10T10:50:39Z,9.30936,马林康的Apple Watch,Apple Watch
2024-09-10T10:50:39Z,2024-09-10T10:50:42Z,9.83948,马林康的Apple Watch,Apple Watch
2024-09-10T10:50:42Z,2024-09-10T10:50:45Z,7.32048,马林康的Apple Watch,Apple Watch
2024-09-10T10:50:45Z,2024-09-10T10:50:47Z,9.96187,马林康的Apple Watch,Apple Watch
2024-09-10T10:50:47Z,2024-09-10T10:50:50Z,6.44378,马林康的Apple Watch,Apple Watch
2024-09-10T10:50:50Z,2024-09-10T10:50:52Z,7.07106,马林康的Apple Watch,Apple Watch
2024-09-10T10:50:52Z,2024-09-10T10:50:55Z,7.00637,马林康的Apple Watch,Apple Watch
2024-09-10T10:50:55Z,2024-09-10T10:50:57Z,6.21275,马林康的Apple Watch,Apple Watch
2024-09-10T10:50:57Z,2024-09-10T10:51:00Z,5.44723,马林康的Apple Watch,Apple Watch
2024-09-10T10:51:00Z,2024-09-10T10:51:03Z,5.33794,马林康的Apple Watch,Apple Watch
2024-09-10T10:51:03Z,2024-09-10T10:51:05Z,6.28631,马林康的Apple Watch,Apple Watch
2024-09-10T10:51:05Z,2024-09-10T10:51:08Z,7.12399,马林康的Apple Watch,Apple Watch
2024-09-10T10:51:08Z,2024-09-10T10:51:10Z,7.97114,马林康的Apple Watch,Apple Watch
2024-09-10T10:51:10Z,2024-09-10T10:51:13Z,7.50863,马林康的Apple Watch,Apple Watch
2024-09-10T10:51:13Z,2024-09-10T10:51:15Z,8.64477,马林康的Apple Watch,Apple Watch
2024-09-10T10:51:15Z,2024-09-10T10:51:18Z,8.01474,马林康的Apple Watch,Apple Watch
2024-09-10T10:51:18Z,2024-09-10T10:51:21Z,7.08995,马林康的Apple Watch,Apple Watch
2024-09-10T10:51:21Z,2024-09-10T10:51:23Z,3.83418,马林康的Apple Watch,Apple Watch
2024-09-10T10:51:23Z,2024-09-10T10:51:26Z,4.35720,马林康的Apple Watch,Apple Watch
2024-09-10T10:51:26Z,2024-09-10T10:51:28Z,6.48632,马林康的Apple Watch,Apple Watch
2024-09-10T10:51:28Z,2024-09-10T10:51:31Z,6.10451,马林康的Apple Watch,Apple Watch
2024-09-10T10:51:31Z,2024-09-10T10:51:34Z,5.43867,马林康的Apple Watch,Apple Watch
2024-09-10T10:51:34Z,2024-09-10T10:51:36Z,4.70074,马林康的Apple Watch,Apple Watch
2024-09-10T10:51:36Z,2024-09-10T10:51:39Z,3.78216,马林康的Apple Watch,Apple Watch
2024-09-10T10:51:39Z,2024-09-10T10:51:41Z,5.39153,马林康的Apple Watch,Apple Watch
2024-09-10T10:51:41Z,2024-09-10T10:51:44Z,3.14858,马林康的Apple Watch,Apple Watch
2024-09-10T10:51:44Z,2024-09-10T10:51:46Z,6.17770,马林康的Apple Watch,Apple Watch
2024-09-10T10:51:46Z,2024-09-10T10:51:49Z,8.73356,马林康的Apple Watch,Apple Watch
2024-09-10T10:51:49Z,2024-09-10T10:51:52Z,7.23589,马林康的Apple Watch,Apple Watch
2024-09-10T10:51:52Z,2024-09-10T10:51:54Z,7.79043,马林康的Apple Watch,Apple Watch
2024-09-10T10:51:54Z,2024-09-10T10:51:57Z,6.60400,马林康的Apple Watch,Apple Watch
2024-09-10T10:51:57Z,2024-09-10T10:51:59Z,7.52906,马林康的Apple Watch,Apple Watch
2024-09-10T10:51:59Z,2024-09-10T10:52:02Z,6.71535,马林康的Apple Watch,Apple Watch
2024-09-10T10:52:02Z,2024-09-10T10:52:04Z,8.57724,马林康的Apple Watch,Apple Watch
2024-09-10T10:52:04Z,2024-09-10T10:52:07Z,10.28818,马林康的Apple Watch,Apple Watch
2024-09-10T10:52:07Z,2024-09-10T10:52:10Z,10.97984,马林康的Apple Watch,Apple Watch
2024-09-10T10:52:10Z,2024-09-10T10:52:12Z,9.06763,马林康的Apple Watch,Apple Watch
2024-09-10T10:52:12Z,2024-09-10T10:52:15Z,6.27605,马林康的Apple Watch,Apple Watch
2024-09-10T10:52:15Z,2024-09-10T10:52:17Z,5.33562,马林康的Apple Watch,Apple Watch
2024-09-10T10:52:17Z,2024-09-10T10:52:20Z,7.97003,马林康的Apple Watch,Apple Watch
2024-09-10T10:52:20Z,2024-09-10T10:52:22Z,6.87204,马林康的Apple Watch,Apple Watch
2024-09-10T10:52:22Z,2024-09-10T10:52:25Z,9.82945,马林康的Apple Watch,Apple Watch
2024-09-10T10:52:25Z,2024-09-10T10:52:28Z,8.16152,马林康的Apple Watch,Apple Watch
2024-09-10T10:52:28Z,2024-09-10T10:52:30Z,6.79633,马林康的Apple Watch,Apple Watch
2024-09-10T10:52:30Z,2024-09-10T10:52:33Z,9.06647,马林康的Apple Watch,Apple Watch
2024-09-10T10:52:33Z,2024-09-10T10:52:35Z,8.05450,马林康的Apple Watch,Apple Watch
2024-09-10T10:52:35Z,2024-09-10T10:52:38Z,5.76294,马林康的Apple Watch,Apple Watch
2024-09-10T10:52:38Z,2024-09-10T10:52:41Z,4.55209,马林康的Apple Watch,Apple Watch
2024-09-10T10:52:41Z,2024-09-10T10:52:43Z,9.55899,马林康的Apple Watch,Apple Watch
2024-09-10T10:52:43Z,2024-09-10T10:52:46Z,13.52989,马林康的Apple Watch,Apple Watch
2024-09-10T10:52:46Z,2024-09-10T10:52:48Z,11.57381,马林康的Apple Watch,Apple Watch
2024-09-10T10:52:48Z,2024-09-10T10:52:51Z,9.65691,马林康的Apple Watch,Apple Watch
2024-09-10T10:52:51Z,2024-09-10T10:52:53Z,7.53851,马林康的Apple Watch,Apple Watch
2024-09-10T10:52:53Z,2024-09-10T10:52:56Z,6.77381,马林康的Apple Watch,Apple Watch
2024-09-10T10:52:56Z,2024-09-10T10:52:59Z,7.63608,马林康的Apple Watch,Apple Watch
2024-09-10T10:52:59Z,2024-09-10T10:53:01Z,8.10268,马林康的Apple Watch,Apple Watch
2024-09-10T10:53:01Z,2024-09-10T10:53:04Z,6.48911,马林康的Apple Watch,Apple Watch
2024-09-10T10:53:04Z,2024-09-10T10:53:06Z,8.10542,马林康的Apple Watch,Apple Watch
2024-09-10T10:53:06Z,2024-09-10T10:53:09Z,5.11972,马林康的Apple Watch,Apple Watch
2024-09-10T10:53:09Z,2024-09-10T10:53:11Z,6.03442,马林康的Apple Watch,Apple Watch
2024-09-10T10:53:11Z,2024-09-10T10:53:14Z,6.98162,马林康的Apple Watch,Apple Watch
2024-09-10T10:53:14Z,2024-09-10T10:53:17Z,7.70793,马林康的Apple Watch,Apple Watch
2024-09-10T10:53:17Z,2024-09-10T10:53:19Z,7.03888,马林康的Apple Watch,Apple Watch
2024-09-10T10:53:19Z,2024-09-10T10:53:22Z,5.02760,马林康的Apple Watch,Apple Watch
2024-09-10T10:53:22Z,2024-09-10T10:53:24Z,3.07421,马林康的Apple Watch,Apple Watch
2024-09-10T10:53:24Z,2024-09-10T10:53:27Z,6.04540,马林康的Apple Watch,Apple Watch
2024-09-10T10:53:27Z,2024-09-10T10:53:30Z,4.28873,马林康的Apple Watch,Apple Watch
