Start Date,End Date,Steps,Source,Device
2024-09-10T10:08:10Z,2024-09-10T10:08:12Z,8,马林康的Apple Watch,Apple Watch
2024-09-10T10:08:12Z,2024-09-10T10:08:15Z,8,马林康的Apple Watch,Apple Watch
2024-09-10T10:08:15Z,2024-09-10T10:08:18Z,7,马林康的Apple Watch,Apple Watch
2024-09-10T10:08:18Z,2024-09-10T10:08:20Z,8,马林康的Apple Watch,Apple Watch
2024-09-10T10:08:20Z,2024-09-10T10:08:23Z,7,马林康的Apple Watch,Apple Watch
2024-09-10T10:08:23Z,2024-09-10T10:08:25Z,7,马林康的Apple Watch,Apple Watch
2024-09-10T10:08:25Z,2024-09-10T10:08:28Z,8,马林康的Apple Watch,Apple Watch
2024-09-10T10:08:28Z,2024-09-10T10:08:30Z,7,马林康的Apple Watch,Apple Watch
2024-09-10T10:08:30Z,2024-09-10T10:08:33Z,8,马林康的Apple Watch,Apple Watch
2024-09-10T10:08:33Z,2024-09-10T10:08:36Z,8,马林康的Apple Watch,Apple Watch
2024-09-10T10:08:36Z,2024-09-10T10:08:38Z,7,马林康的Apple Watch,Apple Watch
2024-09-10T10:08:38Z,2024-09-10T10:08:41Z,7,马林康的Apple Watch,Apple Watch
2024-09-10T10:08:41Z,2024-09-10T10:08:43Z,8,马林康的Apple Watch,Apple Watch
2024-09-10T10:08:43Z,2024-09-10T10:08:46Z,8,马林康的Apple Watch,Apple Watch
2024-09-10T10:08:46Z,2024-09-10T10:08:48Z,8,马林康的Apple Watch,Apple Watch
2024-09-10T10:08:48Z,2024-09-10T10:08:51Z,8,马林康的Apple Watch,Apple Watch
2024-09-10T10:08:51Z,2024-09-10T10:08:54Z,6,马林康的Apple Watch,Apple Watch
2024-09-10T10:08:54Z,2024-09-10T10:08:56Z,5,马林康的Apple Watch,Apple Watch
2024-09-10T10:08:56Z,2024-09-10T10:08:59Z,8,马林康的Apple Watch,Apple Watch
2024-09-10T10:08:59Z,2024-09-10T10:09:01Z,7,马林康的Apple Watch,Apple Watch
2024-09-10T10:09:01Z,2024-09-10T10:09:04Z,7,马林康的Apple Watch,Apple Watch
2024-09-10T10:09:04Z,2024-09-10T10:09:06Z,8,马林康的Apple Watch,Apple Watch
2024-09-10T10:09:06Z,2024-09-10T10:09:09Z,7,马林康的Apple Watch,Apple Watch
2024-09-10T10:09:09Z,2024-09-10T10:09:12Z,8,马林康的Apple Watch,Apple Watch
2024-09-10T10:09:12Z,2024-09-10T10:09:14Z,7,马林康的Apple Watch,Apple Watch
2024-09-10T10:09:14Z,2024-09-10T10:09:17Z,8,马林康的Apple Watch,Apple Watch
2024-09-10T10:09:17Z,2024-09-10T10:09:19Z,8,马林康的Apple Watch,Apple Watch
2024-09-10T10:09:19Z,2024-09-10T10:09:22Z,7,马林康的Apple Watch,Apple Watch
2024-09-10T10:09:22Z,2024-09-10T10:09:25Z,8,马林康的Apple Watch,Apple Watch
2024-09-10T10:09:25Z,2024-09-10T10:09:27Z,7,马林康的Apple Watch,Apple Watch
2024-09-10T10:09:27Z,2024-09-10T10:09:30Z,8,马林康的Apple Watch,Apple Watch
2024-09-10T10:09:30Z,2024-09-10T10:09:32Z,7,马林康的Apple Watch,Apple Watch
2024-09-10T10:09:32Z,2024-09-10T10:09:35Z,7,马林康的Apple Watch,Apple Watch
2024-09-10T10:09:35Z,2024-09-10T10:09:37Z,8,马林康的Apple Watch,Apple Watch
2024-09-10T10:09:37Z,2024-09-10T10:09:40Z,7,马林康的Apple Watch,Apple Watch
2024-09-10T10:09:40Z,2024-09-10T10:09:43Z,8,马林康的Apple Watch,Apple Watch
2024-09-10T10:09:43Z,2024-09-10T10:09:45Z,7,马林康的Apple Watch,Apple Watch
2024-09-10T10:09:45Z,2024-09-10T10:09:48Z,8,马林康的Apple Watch,Apple Watch
2024-09-10T10:09:48Z,2024-09-10T10:09:50Z,7,马林康的Apple Watch,Apple Watch
2024-09-10T10:09:50Z,2024-09-10T10:09:53Z,8,马林康的Apple Watch,Apple Watch
2024-09-10T10:09:53Z,2024-09-10T10:09:55Z,7,马林康的Apple Watch,Apple Watch
2024-09-10T10:09:55Z,2024-09-10T10:09:58Z,8,马林康的Apple Watch,Apple Watch
2024-09-10T10:09:58Z,2024-09-10T10:10:01Z,7,马林康的Apple Watch,Apple Watch
2024-09-10T10:10:01Z,2024-09-10T10:10:03Z,8,马林康的Apple Watch,Apple Watch
2024-09-10T10:10:03Z,2024-09-10T10:10:06Z,7,马林康的Apple Watch,Apple Watch
2024-09-10T10:10:06Z,2024-09-10T10:10:08Z,8,马林康的Apple Watch,Apple Watch
2024-09-10T10:10:08Z,2024-09-10T10:10:11Z,7,马林康的Apple Watch,Apple Watch
2024-09-10T10:10:11Z,2024-09-10T10:10:14Z,7,马林康的Apple Watch,Apple Watch
2024-09-10T10:10:14Z,2024-09-10T10:10:16Z,8,马林康的Apple Watch,Apple Watch
2024-09-10T10:10:16Z,2024-09-10T10:10:19Z,7,马林康的Apple Watch,Apple Watch
2024-09-10T10:10:19Z,2024-09-10T10:10:21Z,8,马林康的Apple Watch,Apple Watch
2024-09-10T10:10:21Z,2024-09-10T10:10:24Z,7,马林康的Apple Watch,Apple Watch
2024-09-10T10:10:24Z,2024-09-10T10:10:26Z,8,马林康的Apple Watch,Apple Watch
2024-09-10T10:10:26Z,2024-09-10T10:10:29Z,7,马林康的Apple Watch,Apple Watch
2024-09-10T10:10:29Z,2024-09-10T10:10:32Z,7,马林康的Apple Watch,Apple Watch
2024-09-10T10:10:32Z,2024-09-10T10:10:34Z,8,马林康的Apple Watch,Apple Watch
2024-09-10T10:10:34Z,2024-09-10T10:10:37Z,7,马林康的Apple Watch,Apple Watch
2024-09-10T10:10:37Z,2024-09-10T10:10:39Z,8,马林康的Apple Watch,Apple Watch
2024-09-10T10:10:39Z,2024-09-10T10:10:42Z,7,马林康的Apple Watch,Apple Watch
2024-09-10T10:10:42Z,2024-09-10T10:10:44Z,7,马林康的Apple Watch,Apple Watch
2024-09-10T10:10:44Z,2024-09-10T10:10:47Z,8,马林康的Apple Watch,Apple Watch
2024-09-10T10:10:47Z,2024-09-10T10:10:50Z,7,马林康的Apple Watch,Apple Watch
2024-09-10T10:10:50Z,2024-09-10T10:10:52Z,8,马林康的Apple Watch,Apple Watch
2024-09-10T10:10:52Z,2024-09-10T10:10:55Z,7,马林康的Apple Watch,Apple Watch
2024-09-10T10:10:55Z,2024-09-10T10:10:57Z,8,马林康的Apple Watch,Apple Watch
2024-09-10T10:10:57Z,2024-09-10T10:11:00Z,7,马林康的Apple Watch,Apple Watch
2024-09-10T10:11:03Z,2024-09-10T10:11:05Z,2,马林康的Apple Watch,Apple Watch
2024-09-10T10:11:21Z,2024-09-10T10:11:23Z,7,马林康的Apple Watch,Apple Watch
2024-09-10T10:11:23Z,2024-09-10T10:11:26Z,7,马林康的Apple Watch,Apple Watch
2024-09-10T10:11:26Z,2024-09-10T10:11:28Z,8,马林康的Apple Watch,Apple Watch
2024-09-10T10:11:28Z,2024-09-10T10:11:31Z,8,马林康的Apple Watch,Apple Watch
2024-09-10T10:11:31Z,2024-09-10T10:11:33Z,7,马林康的Apple Watch,Apple Watch
2024-09-10T10:11:33Z,2024-09-10T10:11:36Z,8,马林康的Apple Watch,Apple Watch
2024-09-10T10:11:36Z,2024-09-10T10:11:39Z,8,马林康的Apple Watch,Apple Watch
2024-09-10T10:11:39Z,2024-09-10T10:11:41Z,8,马林康的Apple Watch,Apple Watch
2024-09-10T10:11:41Z,2024-09-10T10:11:44Z,7,马林康的Apple Watch,Apple Watch
2024-09-10T10:11:44Z,2024-09-10T10:11:46Z,8,马林康的Apple Watch,Apple Watch
2024-09-10T10:11:46Z,2024-09-10T10:11:49Z,8,马林康的Apple Watch,Apple Watch
2024-09-10T10:11:49Z,2024-09-10T10:11:51Z,7,马林康的Apple Watch,Apple Watch
2024-09-10T10:11:51Z,2024-09-10T10:11:54Z,8,马林康的Apple Watch,Apple Watch
2024-09-10T10:11:54Z,2024-09-10T10:11:57Z,8,马林康的Apple Watch,Apple Watch
2024-09-10T10:11:57Z,2024-09-10T10:11:59Z,8,马林康的Apple Watch,Apple Watch
2024-09-10T10:11:59Z,2024-09-10T10:12:02Z,7,马林康的Apple Watch,Apple Watch
2024-09-10T10:12:02Z,2024-09-10T10:12:04Z,8,马林康的Apple Watch,Apple Watch
2024-09-10T10:12:04Z,2024-09-10T10:12:07Z,8,马林康的Apple Watch,Apple Watch
2024-09-10T10:12:07Z,2024-09-10T10:12:09Z,7,马林康的Apple Watch,Apple Watch
2024-09-10T10:12:09Z,2024-09-10T10:12:12Z,8,马林康的Apple Watch,Apple Watch
2024-09-10T10:12:12Z,2024-09-10T10:12:15Z,7,马林康的Apple Watch,Apple Watch
2024-09-10T10:12:15Z,2024-09-10T10:12:17Z,8,马林康的Apple Watch,Apple Watch
2024-09-10T10:12:17Z,2024-09-10T10:12:20Z,8,马林康的Apple Watch,Apple Watch
2024-09-10T10:12:20Z,2024-09-10T10:12:22Z,7,马林康的Apple Watch,Apple Watch
2024-09-10T10:12:22Z,2024-09-10T10:12:25Z,8,马林康的Apple Watch,Apple Watch
2024-09-10T10:12:25Z,2024-09-10T10:12:28Z,7,马林康的Apple Watch,Apple Watch
2024-09-10T10:12:28Z,2024-09-10T10:12:30Z,8,马林康的Apple Watch,Apple Watch
2024-09-10T10:12:30Z,2024-09-10T10:12:33Z,8,马林康的Apple Watch,Apple Watch
2024-09-10T10:12:33Z,2024-09-10T10:12:35Z,7,马林康的Apple Watch,Apple Watch
2024-09-10T10:12:35Z,2024-09-10T10:12:38Z,8,马林康的Apple Watch,Apple Watch
2024-09-10T10:12:38Z,2024-09-10T10:12:40Z,7,马林康的Apple Watch,Apple Watch
2024-09-10T10:12:40Z,2024-09-10T10:12:43Z,8,马林康的Apple Watch,Apple Watch
2024-09-10T10:12:43Z,2024-09-10T10:12:46Z,7,马林康的Apple Watch,Apple Watch
2024-09-10T10:12:46Z,2024-09-10T10:12:48Z,7,马林康的Apple Watch,Apple Watch
2024-09-10T10:12:48Z,2024-09-10T10:12:51Z,8,马林康的Apple Watch,Apple Watch
2024-09-10T10:12:51Z,2024-09-10T10:12:53Z,8,马林康的Apple Watch,Apple Watch
2024-09-10T10:12:53Z,2024-09-10T10:12:56Z,7,马林康的Apple Watch,Apple Watch
2024-09-10T10:12:56Z,2024-09-10T10:12:58Z,8,马林康的Apple Watch,Apple Watch
2024-09-10T10:12:58Z,2024-09-10T10:13:01Z,8,马林康的Apple Watch,Apple Watch
2024-09-10T10:13:01Z,2024-09-10T10:13:04Z,7,马林康的Apple Watch,Apple Watch
2024-09-10T10:13:04Z,2024-09-10T10:13:06Z,8,马林康的Apple Watch,Apple Watch
2024-09-10T10:13:06Z,2024-09-10T10:13:09Z,7,马林康的Apple Watch,Apple Watch
2024-09-10T10:13:09Z,2024-09-10T10:13:11Z,8,马林康的Apple Watch,Apple Watch
2024-09-10T10:13:11Z,2024-09-10T10:13:14Z,8,马林康的Apple Watch,Apple Watch
2024-09-10T10:13:14Z,2024-09-10T10:13:17Z,7,马林康的Apple Watch,Apple Watch
2024-09-10T10:13:17Z,2024-09-10T10:13:19Z,8,马林康的Apple Watch,Apple Watch
2024-09-10T10:13:19Z,2024-09-10T10:13:22Z,8,马林康的Apple Watch,Apple Watch
2024-09-10T10:13:22Z,2024-09-10T10:13:24Z,7,马林康的Apple Watch,Apple Watch
2024-09-10T10:13:24Z,2024-09-10T10:13:27Z,8,马林康的Apple Watch,Apple Watch
2024-09-10T10:13:27Z,2024-09-10T10:13:29Z,7,马林康的Apple Watch,Apple Watch
2024-09-10T10:13:29Z,2024-09-10T10:13:32Z,8,马林康的Apple Watch,Apple Watch
2024-09-10T10:13:32Z,2024-09-10T10:13:35Z,7,马林康的Apple Watch,Apple Watch
2024-09-10T10:13:35Z,2024-09-10T10:13:37Z,8,马林康的Apple Watch,Apple Watch
2024-09-10T10:13:37Z,2024-09-10T10:13:40Z,7,马林康的Apple Watch,Apple Watch
2024-09-10T10:13:40Z,2024-09-10T10:13:42Z,3,马林康的Apple Watch,Apple Watch
2024-09-10T10:13:42Z,2024-09-10T10:13:45Z,8,马林康的Apple Watch,Apple Watch
2024-09-10T10:13:45Z,2024-09-10T10:13:47Z,7,马林康的Apple Watch,Apple Watch
2024-09-10T10:13:47Z,2024-09-10T10:13:50Z,8,马林康的Apple Watch,Apple Watch
2024-09-10T10:13:50Z,2024-09-10T10:13:53Z,8,马林康的Apple Watch,Apple Watch
2024-09-10T10:13:53Z,2024-09-10T10:13:55Z,8,马林康的Apple Watch,Apple Watch
2024-09-10T10:13:55Z,2024-09-10T10:13:58Z,7,马林康的Apple Watch,Apple Watch
2024-09-10T10:13:58Z,2024-09-10T10:14:00Z,8,马林康的Apple Watch,Apple Watch
2024-09-10T10:14:00Z,2024-09-10T10:14:03Z,7,马林康的Apple Watch,Apple Watch
2024-09-10T10:14:03Z,2024-09-10T10:14:06Z,7,马林康的Apple Watch,Apple Watch
2024-09-10T10:14:06Z,2024-09-10T10:14:08Z,8,马林康的Apple Watch,Apple Watch
2024-09-10T10:14:08Z,2024-09-10T10:14:11Z,7,马林康的Apple Watch,Apple Watch
2024-09-10T10:14:11Z,2024-09-10T10:14:13Z,8,马林康的Apple Watch,Apple Watch
2024-09-10T10:14:13Z,2024-09-10T10:14:16Z,8,马林康的Apple Watch,Apple Watch
2024-09-10T10:14:16Z,2024-09-10T10:14:18Z,7,马林康的Apple Watch,Apple Watch
2024-09-10T10:14:18Z,2024-09-10T10:14:21Z,8,马林康的Apple Watch,Apple Watch
2024-09-10T10:14:21Z,2024-09-10T10:14:24Z,7,马林康的Apple Watch,Apple Watch
2024-09-10T10:14:24Z,2024-09-10T10:14:26Z,8,马林康的Apple Watch,Apple Watch
2024-09-10T10:14:26Z,2024-09-10T10:14:29Z,7,马林康的Apple Watch,Apple Watch
2024-09-10T10:14:29Z,2024-09-10T10:14:31Z,8,马林康的Apple Watch,Apple Watch
2024-09-10T10:14:31Z,2024-09-10T10:14:34Z,7,马林康的Apple Watch,Apple Watch
2024-09-10T10:14:34Z,2024-09-10T10:14:36Z,8,马林康的Apple Watch,Apple Watch
2024-09-10T10:14:36Z,2024-09-10T10:14:39Z,7,马林康的Apple Watch,Apple Watch
2024-09-10T10:14:39Z,2024-09-10T10:14:42Z,8,马林康的Apple Watch,Apple Watch
2024-09-10T10:14:42Z,2024-09-10T10:14:44Z,8,马林康的Apple Watch,Apple Watch
2024-09-10T10:14:44Z,2024-09-10T10:14:47Z,7,马林康的Apple Watch,Apple Watch
2024-09-10T10:14:47Z,2024-09-10T10:14:49Z,8,马林康的Apple Watch,Apple Watch
2024-09-10T10:14:49Z,2024-09-10T10:14:52Z,7,马林康的Apple Watch,Apple Watch
2024-09-10T10:14:52Z,2024-09-10T10:14:55Z,8,马林康的Apple Watch,Apple Watch
2024-09-10T10:14:55Z,2024-09-10T10:14:57Z,7,马林康的Apple Watch,Apple Watch
2024-09-10T10:14:57Z,2024-09-10T10:15:00Z,7,马林康的Apple Watch,Apple Watch
2024-09-10T10:15:00Z,2024-09-10T10:15:02Z,8,马林康的Apple Watch,Apple Watch
2024-09-10T10:15:02Z,2024-09-10T10:15:05Z,7,马林康的Apple Watch,Apple Watch
2024-09-10T10:15:05Z,2024-09-10T10:15:07Z,8,马林康的Apple Watch,Apple Watch
2024-09-10T10:15:07Z,2024-09-10T10:15:10Z,7,马林康的Apple Watch,Apple Watch
2024-09-10T10:15:10Z,2024-09-10T10:15:13Z,8,马林康的Apple Watch,Apple Watch
2024-09-10T10:15:13Z,2024-09-10T10:15:15Z,6,马林康的Apple Watch,Apple Watch
2024-09-10T10:15:15Z,2024-09-10T10:15:18Z,8,马林康的Apple Watch,Apple Watch
2024-09-10T10:15:18Z,2024-09-10T10:15:20Z,8,马林康的Apple Watch,Apple Watch
2024-09-10T10:15:20Z,2024-09-10T10:15:23Z,7,马林康的Apple Watch,Apple Watch
2024-09-10T10:15:23Z,2024-09-10T10:15:25Z,8,马林康的Apple Watch,Apple Watch
2024-09-10T10:15:25Z,2024-09-10T10:15:28Z,7,马林康的Apple Watch,Apple Watch
2024-09-10T10:15:28Z,2024-09-10T10:15:31Z,8,马林康的Apple Watch,Apple Watch
2024-09-10T10:15:31Z,2024-09-10T10:15:33Z,7,马林康的Apple Watch,Apple Watch
2024-09-10T10:15:33Z,2024-09-10T10:15:36Z,8,马林康的Apple Watch,Apple Watch
2024-09-10T10:15:36Z,2024-09-10T10:15:38Z,7,马林康的Apple Watch,Apple Watch
2024-09-10T10:15:38Z,2024-09-10T10:15:41Z,8,马林康的Apple Watch,Apple Watch
2024-09-10T10:15:41Z,2024-09-10T10:15:43Z,7,马林康的Apple Watch,Apple Watch
2024-09-10T10:15:43Z,2024-09-10T10:15:46Z,8,马林康的Apple Watch,Apple Watch
2024-09-10T10:15:46Z,2024-09-10T10:15:49Z,8,马林康的Apple Watch,Apple Watch
2024-09-10T10:15:49Z,2024-09-10T10:15:51Z,7,马林康的Apple Watch,Apple Watch
2024-09-10T10:15:51Z,2024-09-10T10:15:54Z,8,马林康的Apple Watch,Apple Watch
2024-09-10T10:15:54Z,2024-09-10T10:15:56Z,7,马林康的Apple Watch,Apple Watch
2024-09-10T10:15:56Z,2024-09-10T10:15:59Z,8,马林康的Apple Watch,Apple Watch
2024-09-10T10:15:59Z,2024-09-10T10:16:02Z,7,马林康的Apple Watch,Apple Watch
2024-09-10T10:16:02Z,2024-09-10T10:16:04Z,8,马林康的Apple Watch,Apple Watch
2024-09-10T10:16:04Z,2024-09-10T10:16:07Z,7,马林康的Apple Watch,Apple Watch
2024-09-10T10:16:07Z,2024-09-10T10:16:09Z,7,马林康的Apple Watch,Apple Watch
2024-09-10T10:16:09Z,2024-09-10T10:16:12Z,8,马林康的Apple Watch,Apple Watch
2024-09-10T10:16:12Z,2024-09-10T10:16:14Z,7,马林康的Apple Watch,Apple Watch
2024-09-10T10:16:14Z,2024-09-10T10:16:17Z,8,马林康的Apple Watch,Apple Watch
2024-09-10T10:16:17Z,2024-09-10T10:16:20Z,8,马林康的Apple Watch,Apple Watch
2024-09-10T10:16:20Z,2024-09-10T10:16:22Z,7,马林康的Apple Watch,Apple Watch
2024-09-10T10:16:22Z,2024-09-10T10:16:25Z,8,马林康的Apple Watch,Apple Watch
2024-09-10T10:16:25Z,2024-09-10T10:16:27Z,7,马林康的Apple Watch,Apple Watch
2024-09-10T10:16:27Z,2024-09-10T10:16:30Z,8,马林康的Apple Watch,Apple Watch
2024-09-10T10:16:30Z,2024-09-10T10:16:32Z,7,马林康的Apple Watch,Apple Watch
2024-09-10T10:16:32Z,2024-09-10T10:16:35Z,8,马林康的Apple Watch,Apple Watch
2024-09-10T10:16:35Z,2024-09-10T10:16:38Z,7,马林康的Apple Watch,Apple Watch
2024-09-10T10:16:38Z,2024-09-10T10:16:40Z,8,马林康的Apple Watch,Apple Watch
2024-09-10T10:16:40Z,2024-09-10T10:16:43Z,7,马林康的Apple Watch,Apple Watch
2024-09-10T10:16:43Z,2024-09-10T10:16:45Z,8,马林康的Apple Watch,Apple Watch
2024-09-10T10:16:45Z,2024-09-10T10:16:48Z,8,马林康的Apple Watch,Apple Watch
2024-09-10T10:16:48Z,2024-09-10T10:16:51Z,7,马林康的Apple Watch,Apple Watch
2024-09-10T10:16:51Z,2024-09-10T10:16:53Z,7,马林康的Apple Watch,Apple Watch
2024-09-10T10:16:53Z,2024-09-10T10:16:56Z,8,马林康的Apple Watch,Apple Watch
2024-09-10T10:16:56Z,2024-09-10T10:16:58Z,8,马林康的Apple Watch,Apple Watch
2024-09-10T10:16:58Z,2024-09-10T10:17:01Z,7,马林康的Apple Watch,Apple Watch
2024-09-10T10:17:01Z,2024-09-10T10:17:03Z,8,马林康的Apple Watch,Apple Watch
2024-09-10T10:17:03Z,2024-09-10T10:17:06Z,7,马林康的Apple Watch,Apple Watch
2024-09-10T10:17:06Z,2024-09-10T10:17:09Z,8,马林康的Apple Watch,Apple Watch
2024-09-10T10:17:09Z,2024-09-10T10:17:11Z,7,马林康的Apple Watch,Apple Watch
2024-09-10T10:17:11Z,2024-09-10T10:17:14Z,7,马林康的Apple Watch,Apple Watch
2024-09-10T10:17:14Z,2024-09-10T10:17:16Z,8,马林康的Apple Watch,Apple Watch
2024-09-10T10:17:16Z,2024-09-10T10:17:19Z,8,马林康的Apple Watch,Apple Watch
2024-09-10T10:17:19Z,2024-09-10T10:17:21Z,7,马林康的Apple Watch,Apple Watch
2024-09-10T10:17:21Z,2024-09-10T10:17:24Z,8,马林康的Apple Watch,Apple Watch
2024-09-10T10:17:24Z,2024-09-10T10:17:27Z,7,马林康的Apple Watch,Apple Watch
2024-09-10T10:17:27Z,2024-09-10T10:17:29Z,7,马林康的Apple Watch,Apple Watch
2024-09-10T10:17:29Z,2024-09-10T10:17:32Z,6,马林康的Apple Watch,Apple Watch
2024-09-10T10:17:32Z,2024-09-10T10:17:34Z,8,马林康的Apple Watch,Apple Watch
2024-09-10T10:17:34Z,2024-09-10T10:17:37Z,7,马林康的Apple Watch,Apple Watch
2024-09-10T10:17:37Z,2024-09-10T10:17:40Z,8,马林康的Apple Watch,Apple Watch
2024-09-10T10:17:40Z,2024-09-10T10:17:42Z,7,马林康的Apple Watch,Apple Watch
2024-09-10T10:17:42Z,2024-09-10T10:17:45Z,8,马林康的Apple Watch,Apple Watch
2024-09-10T10:17:45Z,2024-09-10T10:17:47Z,7,马林康的Apple Watch,Apple Watch
2024-09-10T10:17:47Z,2024-09-10T10:17:50Z,8,马林康的Apple Watch,Apple Watch
2024-09-10T10:17:50Z,2024-09-10T10:17:52Z,7,马林康的Apple Watch,Apple Watch
2024-09-10T10:17:52Z,2024-09-10T10:17:55Z,8,马林康的Apple Watch,Apple Watch
2024-09-10T10:17:55Z,2024-09-10T10:17:58Z,7,马林康的Apple Watch,Apple Watch
2024-09-10T10:17:58Z,2024-09-10T10:18:00Z,6,马林康的Apple Watch,Apple Watch
2024-09-10T10:18:00Z,2024-09-10T10:18:03Z,6,马林康的Apple Watch,Apple Watch
2024-09-10T10:18:03Z,2024-09-10T10:18:05Z,7,马林康的Apple Watch,Apple Watch
2024-09-10T10:18:05Z,2024-09-10T10:18:08Z,7,马林康的Apple Watch,Apple Watch
2024-09-10T10:18:08Z,2024-09-10T10:18:10Z,8,马林康的Apple Watch,Apple Watch
2024-09-10T10:18:10Z,2024-09-10T10:18:13Z,7,马林康的Apple Watch,Apple Watch
2024-09-10T10:18:13Z,2024-09-10T10:18:16Z,7,马林康的Apple Watch,Apple Watch
2024-09-10T10:18:16Z,2024-09-10T10:18:18Z,8,马林康的Apple Watch,Apple Watch
2024-09-10T10:18:18Z,2024-09-10T10:18:21Z,7,马林康的Apple Watch,Apple Watch
2024-09-10T10:18:21Z,2024-09-10T10:18:23Z,8,马林康的Apple Watch,Apple Watch
2024-09-10T10:18:23Z,2024-09-10T10:18:26Z,7,马林康的Apple Watch,Apple Watch
2024-09-10T10:18:26Z,2024-09-10T10:18:29Z,7,马林康的Apple Watch,Apple Watch
2024-09-10T10:18:29Z,2024-09-10T10:18:31Z,8,马林康的Apple Watch,Apple Watch
2024-09-10T10:18:31Z,2024-09-10T10:18:34Z,7,马林康的Apple Watch,Apple Watch
2024-09-10T10:18:34Z,2024-09-10T10:18:36Z,8,马林康的Apple Watch,Apple Watch
2024-09-10T10:18:36Z,2024-09-10T10:18:39Z,8,马林康的Apple Watch,Apple Watch
2024-09-10T10:18:39Z,2024-09-10T10:18:41Z,7,马林康的Apple Watch,Apple Watch
2024-09-10T10:18:41Z,2024-09-10T10:18:44Z,8,马林康的Apple Watch,Apple Watch
2024-09-10T10:18:44Z,2024-09-10T10:18:47Z,7,马林康的Apple Watch,Apple Watch
2024-09-10T10:18:47Z,2024-09-10T10:18:49Z,8,马林康的Apple Watch,Apple Watch
2024-09-10T10:18:49Z,2024-09-10T10:18:52Z,7,马林康的Apple Watch,Apple Watch
2024-09-10T10:18:52Z,2024-09-10T10:18:54Z,8,马林康的Apple Watch,Apple Watch
2024-09-10T10:18:54Z,2024-09-10T10:18:57Z,8,马林康的Apple Watch,Apple Watch
2024-09-10T10:18:57Z,2024-09-10T10:18:59Z,7,马林康的Apple Watch,Apple Watch
2024-09-10T10:18:59Z,2024-09-10T10:19:02Z,8,马林康的Apple Watch,Apple Watch
2024-09-10T10:19:02Z,2024-09-10T10:19:05Z,8,马林康的Apple Watch,Apple Watch
2024-09-10T10:19:05Z,2024-09-10T10:19:07Z,7,马林康的Apple Watch,Apple Watch
2024-09-10T10:19:07Z,2024-09-10T10:19:10Z,8,马林康的Apple Watch,Apple Watch
2024-09-10T10:19:10Z,2024-09-10T10:19:12Z,8,马林康的Apple Watch,Apple Watch
2024-09-10T10:19:12Z,2024-09-10T10:19:15Z,7,马林康的Apple Watch,Apple Watch
2024-09-10T10:19:15Z,2024-09-10T10:19:18Z,8,马林康的Apple Watch,Apple Watch
2024-09-10T10:19:18Z,2024-09-10T10:19:20Z,8,马林康的Apple Watch,Apple Watch
2024-09-10T10:19:20Z,2024-09-10T10:19:23Z,8,马林康的Apple Watch,Apple Watch
2024-09-10T10:19:23Z,2024-09-10T10:19:25Z,7,马林康的Apple Watch,Apple Watch
2024-09-10T10:19:25Z,2024-09-10T10:19:28Z,8,马林康的Apple Watch,Apple Watch
2024-09-10T10:19:28Z,2024-09-10T10:19:30Z,8,马林康的Apple Watch,Apple Watch
2024-09-10T10:19:30Z,2024-09-10T10:19:33Z,7,马林康的Apple Watch,Apple Watch
2024-09-10T10:19:33Z,2024-09-10T10:19:36Z,8,马林康的Apple Watch,Apple Watch
2024-09-10T10:19:36Z,2024-09-10T10:19:38Z,7,马林康的Apple Watch,Apple Watch
2024-09-10T10:19:38Z,2024-09-10T10:19:41Z,8,马林康的Apple Watch,Apple Watch
2024-09-10T10:19:41Z,2024-09-10T10:19:43Z,8,马林康的Apple Watch,Apple Watch
2024-09-10T10:19:43Z,2024-09-10T10:19:46Z,7,马林康的Apple Watch,Apple Watch
2024-09-10T10:19:46Z,2024-09-10T10:19:48Z,8,马林康的Apple Watch,Apple Watch
2024-09-10T10:19:48Z,2024-09-10T10:19:51Z,8,马林康的Apple Watch,Apple Watch
2024-09-10T10:19:51Z,2024-09-10T10:19:54Z,7,马林康的Apple Watch,Apple Watch
2024-09-10T10:19:54Z,2024-09-10T10:19:56Z,8,马林康的Apple Watch,Apple Watch
2024-09-10T10:19:56Z,2024-09-10T10:19:59Z,8,马林康的Apple Watch,Apple Watch
2024-09-10T10:19:59Z,2024-09-10T10:20:01Z,7,马林康的Apple Watch,Apple Watch
2024-09-10T10:20:01Z,2024-09-10T10:20:04Z,8,马林康的Apple Watch,Apple Watch
2024-09-10T10:20:04Z,2024-09-10T10:20:06Z,7,马林康的Apple Watch,Apple Watch
2024-09-10T10:20:06Z,2024-09-10T10:20:09Z,8,马林康的Apple Watch,Apple Watch
2024-09-10T10:20:09Z,2024-09-10T10:20:12Z,7,马林康的Apple Watch,Apple Watch
2024-09-10T10:20:12Z,2024-09-10T10:20:14Z,8,马林康的Apple Watch,Apple Watch
2024-09-10T10:20:14Z,2024-09-10T10:20:17Z,7,马林康的Apple Watch,Apple Watch
2024-09-10T10:20:17Z,2024-09-10T10:20:19Z,8,马林康的Apple Watch,Apple Watch
2024-09-10T10:20:19Z,2024-09-10T10:20:22Z,7,马林康的Apple Watch,Apple Watch
2024-09-10T10:20:22Z,2024-09-10T10:20:25Z,8,马林康的Apple Watch,Apple Watch
2024-09-10T10:20:25Z,2024-09-10T10:20:27Z,8,马林康的Apple Watch,Apple Watch
2024-09-10T10:20:27Z,2024-09-10T10:20:30Z,8,马林康的Apple Watch,Apple Watch
2024-09-10T10:20:30Z,2024-09-10T10:20:32Z,8,马林康的Apple Watch,Apple Watch
2024-09-10T10:20:32Z,2024-09-10T10:20:35Z,7,马林康的Apple Watch,Apple Watch
2024-09-10T10:20:35Z,2024-09-10T10:20:37Z,8,马林康的Apple Watch,Apple Watch
2024-09-10T10:20:37Z,2024-09-10T10:20:40Z,8,马林康的Apple Watch,Apple Watch
2024-09-10T10:20:40Z,2024-09-10T10:20:43Z,8,马林康的Apple Watch,Apple Watch
2024-09-10T10:20:43Z,2024-09-10T10:20:45Z,8,马林康的Apple Watch,Apple Watch
2024-09-10T10:20:45Z,2024-09-10T10:20:48Z,8,马林康的Apple Watch,Apple Watch
2024-09-10T10:20:48Z,2024-09-10T10:20:50Z,7,马林康的Apple Watch,Apple Watch
2024-09-10T10:20:50Z,2024-09-10T10:20:53Z,8,马林康的Apple Watch,Apple Watch
2024-09-10T10:20:53Z,2024-09-10T10:20:55Z,8,马林康的Apple Watch,Apple Watch
2024-09-10T10:20:55Z,2024-09-10T10:20:58Z,8,马林康的Apple Watch,Apple Watch
2024-09-10T10:20:58Z,2024-09-10T10:21:01Z,8,马林康的Apple Watch,Apple Watch
2024-09-10T10:21:01Z,2024-09-10T10:21:03Z,8,马林康的Apple Watch,Apple Watch
2024-09-10T10:21:03Z,2024-09-10T10:21:06Z,8,马林康的Apple Watch,Apple Watch
2024-09-10T10:21:06Z,2024-09-10T10:21:08Z,8,马林康的Apple Watch,Apple Watch
2024-09-10T10:21:08Z,2024-09-10T10:21:11Z,7,马林康的Apple Watch,Apple Watch
2024-09-10T10:21:11Z,2024-09-10T10:21:14Z,8,马林康的Apple Watch,Apple Watch
2024-09-10T10:21:14Z,2024-09-10T10:21:16Z,8,马林康的Apple Watch,Apple Watch
2024-09-10T10:21:16Z,2024-09-10T10:21:19Z,8,马林康的Apple Watch,Apple Watch
2024-09-10T10:21:19Z,2024-09-10T10:21:21Z,8,马林康的Apple Watch,Apple Watch
2024-09-10T10:21:21Z,2024-09-10T10:21:24Z,8,马林康的Apple Watch,Apple Watch
2024-09-10T10:21:24Z,2024-09-10T10:21:26Z,8,马林康的Apple Watch,Apple Watch
2024-09-10T10:21:26Z,2024-09-10T10:21:29Z,8,马林康的Apple Watch,Apple Watch
2024-09-10T10:21:29Z,2024-09-10T10:21:32Z,8,马林康的Apple Watch,Apple Watch
2024-09-10T10:21:32Z,2024-09-10T10:21:34Z,7,马林康的Apple Watch,Apple Watch
2024-09-10T10:21:34Z,2024-09-10T10:21:37Z,8,马林康的Apple Watch,Apple Watch
2024-09-10T10:21:37Z,2024-09-10T10:21:39Z,8,马林康的Apple Watch,Apple Watch
2024-09-10T10:21:39Z,2024-09-10T10:21:42Z,8,马林康的Apple Watch,Apple Watch
2024-09-10T10:21:42Z,2024-09-10T10:21:44Z,7,马林康的Apple Watch,Apple Watch
2024-09-10T10:21:44Z,2024-09-10T10:21:47Z,8,马林康的Apple Watch,Apple Watch
2024-09-10T10:21:47Z,2024-09-10T10:21:50Z,8,马林康的Apple Watch,Apple Watch
2024-09-10T10:21:50Z,2024-09-10T10:21:52Z,8,马林康的Apple Watch,Apple Watch
2024-09-10T10:21:52Z,2024-09-10T10:21:55Z,8,马林康的Apple Watch,Apple Watch
2024-09-10T10:21:55Z,2024-09-10T10:21:57Z,8,马林康的Apple Watch,Apple Watch
2024-09-10T10:21:57Z,2024-09-10T10:22:00Z,7,马林康的Apple Watch,Apple Watch
2024-09-10T10:22:00Z,2024-09-10T10:22:03Z,8,马林康的Apple Watch,Apple Watch
2024-09-10T10:22:03Z,2024-09-10T10:22:05Z,8,马林康的Apple Watch,Apple Watch
2024-09-10T10:22:05Z,2024-09-10T10:22:08Z,8,马林康的Apple Watch,Apple Watch
2024-09-10T10:22:08Z,2024-09-10T10:22:10Z,8,马林康的Apple Watch,Apple Watch
2024-09-10T10:22:10Z,2024-09-10T10:22:13Z,8,马林康的Apple Watch,Apple Watch
2024-09-10T10:22:13Z,2024-09-10T10:22:15Z,7,马林康的Apple Watch,Apple Watch
2024-09-10T10:22:15Z,2024-09-10T10:22:18Z,8,马林康的Apple Watch,Apple Watch
2024-09-10T10:22:18Z,2024-09-10T10:22:21Z,8,马林康的Apple Watch,Apple Watch
2024-09-10T10:22:21Z,2024-09-10T10:22:23Z,8,马林康的Apple Watch,Apple Watch
2024-09-10T10:22:23Z,2024-09-10T10:22:26Z,7,马林康的Apple Watch,Apple Watch
2024-09-10T10:22:26Z,2024-09-10T10:22:28Z,8,马林康的Apple Watch,Apple Watch
2024-09-10T10:22:28Z,2024-09-10T10:22:31Z,8,马林康的Apple Watch,Apple Watch
2024-09-10T10:22:31Z,2024-09-10T10:22:33Z,8,马林康的Apple Watch,Apple Watch
2024-09-10T10:22:33Z,2024-09-10T10:22:36Z,8,马林康的Apple Watch,Apple Watch
2024-09-10T10:22:36Z,2024-09-10T10:22:39Z,8,马林康的Apple Watch,Apple Watch
2024-09-10T10:22:39Z,2024-09-10T10:22:41Z,7,马林康的Apple Watch,Apple Watch
2024-09-10T10:22:41Z,2024-09-10T10:22:44Z,8,马林康的Apple Watch,Apple Watch
2024-09-10T10:22:44Z,2024-09-10T10:22:46Z,8,马林康的Apple Watch,Apple Watch
2024-09-10T10:22:46Z,2024-09-10T10:22:49Z,7,马林康的Apple Watch,Apple Watch
2024-09-10T10:22:49Z,2024-09-10T10:22:52Z,8,马林康的Apple Watch,Apple Watch
2024-09-10T10:22:52Z,2024-09-10T10:22:54Z,8,马林康的Apple Watch,Apple Watch
2024-09-10T10:22:54Z,2024-09-10T10:22:57Z,8,马林康的Apple Watch,Apple Watch
2024-09-10T10:22:57Z,2024-09-10T10:22:59Z,8,马林康的Apple Watch,Apple Watch
2024-09-10T10:22:59Z,2024-09-10T10:23:02Z,7,马林康的Apple Watch,Apple Watch
2024-09-10T10:23:02Z,2024-09-10T10:23:04Z,8,马林康的Apple Watch,Apple Watch
2024-09-10T10:23:04Z,2024-09-10T10:23:07Z,8,马林康的Apple Watch,Apple Watch
2024-09-10T10:23:07Z,2024-09-10T10:23:10Z,8,马林康的Apple Watch,Apple Watch
2024-09-10T10:23:10Z,2024-09-10T10:23:12Z,8,马林康的Apple Watch,Apple Watch
2024-09-10T10:23:12Z,2024-09-10T10:23:15Z,8,马林康的Apple Watch,Apple Watch
2024-09-10T10:23:15Z,2024-09-10T10:23:17Z,7,马林康的Apple Watch,Apple Watch
2024-09-10T10:23:17Z,2024-09-10T10:23:20Z,8,马林康的Apple Watch,Apple Watch
2024-09-10T10:23:20Z,2024-09-10T10:23:22Z,8,马林康的Apple Watch,Apple Watch
2024-09-10T10:23:22Z,2024-09-10T10:23:25Z,8,马林康的Apple Watch,Apple Watch
2024-09-10T10:23:25Z,2024-09-10T10:23:28Z,7,马林康的Apple Watch,Apple Watch
2024-09-10T10:23:28Z,2024-09-10T10:23:30Z,8,马林康的Apple Watch,Apple Watch
2024-09-10T10:23:30Z,2024-09-10T10:23:33Z,8,马林康的Apple Watch,Apple Watch
2024-09-10T10:23:33Z,2024-09-10T10:23:35Z,8,马林康的Apple Watch,Apple Watch
2024-09-10T10:23:35Z,2024-09-10T10:23:38Z,8,马林康的Apple Watch,Apple Watch
2024-09-10T10:23:38Z,2024-09-10T10:23:41Z,7,马林康的Apple Watch,Apple Watch
2024-09-10T10:23:41Z,2024-09-10T10:23:43Z,8,马林康的Apple Watch,Apple Watch
2024-09-10T10:23:43Z,2024-09-10T10:23:46Z,8,马林康的Apple Watch,Apple Watch
2024-09-10T10:23:46Z,2024-09-10T10:23:48Z,8,马林康的Apple Watch,Apple Watch
2024-09-10T10:23:48Z,2024-09-10T10:23:51Z,8,马林康的Apple Watch,Apple Watch
2024-09-10T10:23:51Z,2024-09-10T10:23:53Z,8,马林康的Apple Watch,Apple Watch
2024-09-10T10:23:53Z,2024-09-10T10:23:56Z,7,马林康的Apple Watch,Apple Watch
2024-09-10T10:23:56Z,2024-09-10T10:23:59Z,8,马林康的Apple Watch,Apple Watch
2024-09-10T10:23:59Z,2024-09-10T10:24:01Z,7,马林康的Apple Watch,Apple Watch
2024-09-10T10:24:01Z,2024-09-10T10:24:04Z,8,马林康的Apple Watch,Apple Watch
2024-09-10T10:24:04Z,2024-09-10T10:24:06Z,8,马林康的Apple Watch,Apple Watch
2024-09-10T10:24:06Z,2024-09-10T10:24:09Z,8,马林康的Apple Watch,Apple Watch
2024-09-10T10:24:09Z,2024-09-10T10:24:11Z,8,马林康的Apple Watch,Apple Watch
2024-09-10T10:24:11Z,2024-09-10T10:24:14Z,7,马林康的Apple Watch,Apple Watch
2024-09-10T10:24:14Z,2024-09-10T10:24:17Z,8,马林康的Apple Watch,Apple Watch
2024-09-10T10:24:17Z,2024-09-10T10:24:19Z,8,马林康的Apple Watch,Apple Watch
2024-09-10T10:24:19Z,2024-09-10T10:24:22Z,8,马林康的Apple Watch,Apple Watch
2024-09-10T10:24:22Z,2024-09-10T10:24:24Z,8,马林康的Apple Watch,Apple Watch
2024-09-10T10:24:24Z,2024-09-10T10:24:27Z,7,马林康的Apple Watch,Apple Watch
2024-09-10T10:24:27Z,2024-09-10T10:24:30Z,8,马林康的Apple Watch,Apple Watch
2024-09-10T10:24:30Z,2024-09-10T10:24:32Z,8,马林康的Apple Watch,Apple Watch
2024-09-10T10:24:32Z,2024-09-10T10:24:35Z,8,马林康的Apple Watch,Apple Watch
2024-09-10T10:24:35Z,2024-09-10T10:24:37Z,8,马林康的Apple Watch,Apple Watch
2024-09-10T10:24:37Z,2024-09-10T10:24:40Z,7,马林康的Apple Watch,Apple Watch
2024-09-10T10:24:40Z,2024-09-10T10:24:42Z,8,马林康的Apple Watch,Apple Watch
2024-09-10T10:24:42Z,2024-09-10T10:24:45Z,5,马林康的Apple Watch,Apple Watch
2024-09-10T10:24:45Z,2024-09-10T10:24:48Z,8,马林康的Apple Watch,Apple Watch
2024-09-10T10:24:48Z,2024-09-10T10:24:50Z,8,马林康的Apple Watch,Apple Watch
2024-09-10T10:24:50Z,2024-09-10T10:24:53Z,8,马林康的Apple Watch,Apple Watch
2024-09-10T10:24:53Z,2024-09-10T10:24:55Z,8,马林康的Apple Watch,Apple Watch
2024-09-10T10:24:55Z,2024-09-10T10:24:58Z,8,马林康的Apple Watch,Apple Watch
2024-09-10T10:24:58Z,2024-09-10T10:25:00Z,8,马林康的Apple Watch,Apple Watch
2024-09-10T10:25:00Z,2024-09-10T10:25:03Z,8,马林康的Apple Watch,Apple Watch
2024-09-10T10:25:03Z,2024-09-10T10:25:06Z,8,马林康的Apple Watch,Apple Watch
2024-09-10T10:25:06Z,2024-09-10T10:25:08Z,7,马林康的Apple Watch,Apple Watch
2024-09-10T10:25:08Z,2024-09-10T10:25:11Z,8,马林康的Apple Watch,Apple Watch
2024-09-10T10:25:11Z,2024-09-10T10:25:13Z,8,马林康的Apple Watch,Apple Watch
2024-09-10T10:25:13Z,2024-09-10T10:25:16Z,8,马林康的Apple Watch,Apple Watch
2024-09-10T10:25:16Z,2024-09-10T10:25:19Z,8,马林康的Apple Watch,Apple Watch
2024-09-10T10:25:19Z,2024-09-10T10:25:21Z,8,马林康的Apple Watch,Apple Watch
2024-09-10T10:25:21Z,2024-09-10T10:25:24Z,8,马林康的Apple Watch,Apple Watch
2024-09-10T10:25:24Z,2024-09-10T10:25:26Z,7,马林康的Apple Watch,Apple Watch
2024-09-10T10:25:26Z,2024-09-10T10:25:29Z,8,马林康的Apple Watch,Apple Watch
2024-09-10T10:25:29Z,2024-09-10T10:25:31Z,8,马林康的Apple Watch,Apple Watch
2024-09-10T10:25:31Z,2024-09-10T10:25:34Z,8,马林康的Apple Watch,Apple Watch
2024-09-10T10:25:34Z,2024-09-10T10:25:37Z,8,马林康的Apple Watch,Apple Watch
2024-09-10T10:25:37Z,2024-09-10T10:25:39Z,7,马林康的Apple Watch,Apple Watch
2024-09-10T10:25:39Z,2024-09-10T10:25:42Z,8,马林康的Apple Watch,Apple Watch
2024-09-10T10:25:42Z,2024-09-10T10:25:44Z,8,马林康的Apple Watch,Apple Watch
2024-09-10T10:25:44Z,2024-09-10T10:25:47Z,7,马林康的Apple Watch,Apple Watch
2024-09-10T10:25:47Z,2024-09-10T10:25:49Z,8,马林康的Apple Watch,Apple Watch
2024-09-10T10:25:49Z,2024-09-10T10:25:52Z,8,马林康的Apple Watch,Apple Watch
2024-09-10T10:25:52Z,2024-09-10T10:25:55Z,7,马林康的Apple Watch,Apple Watch
2024-09-10T10:25:55Z,2024-09-10T10:25:57Z,8,马林康的Apple Watch,Apple Watch
2024-09-10T10:25:57Z,2024-09-10T10:26:00Z,8,马林康的Apple Watch,Apple Watch
2024-09-10T10:26:00Z,2024-09-10T10:26:02Z,8,马林康的Apple Watch,Apple Watch
2024-09-10T10:26:02Z,2024-09-10T10:26:05Z,8,马林康的Apple Watch,Apple Watch
2024-09-10T10:26:05Z,2024-09-10T10:26:08Z,7,马林康的Apple Watch,Apple Watch
2024-09-10T10:26:08Z,2024-09-10T10:26:10Z,8,马林康的Apple Watch,Apple Watch
2024-09-10T10:26:10Z,2024-09-10T10:26:13Z,8,马林康的Apple Watch,Apple Watch
2024-09-10T10:26:13Z,2024-09-10T10:26:15Z,8,马林康的Apple Watch,Apple Watch
2024-09-10T10:26:15Z,2024-09-10T10:26:18Z,8,马林康的Apple Watch,Apple Watch
2024-09-10T10:26:18Z,2024-09-10T10:26:20Z,7,马林康的Apple Watch,Apple Watch
2024-09-10T10:26:20Z,2024-09-10T10:26:23Z,8,马林康的Apple Watch,Apple Watch
2024-09-10T10:26:23Z,2024-09-10T10:26:26Z,8,马林康的Apple Watch,Apple Watch
2024-09-10T10:26:26Z,2024-09-10T10:26:28Z,8,马林康的Apple Watch,Apple Watch
2024-09-10T10:26:28Z,2024-09-10T10:26:31Z,8,马林康的Apple Watch,Apple Watch
2024-09-10T10:26:31Z,2024-09-10T10:26:33Z,7,马林康的Apple Watch,Apple Watch
2024-09-10T10:26:33Z,2024-09-10T10:26:36Z,6,马林康的Apple Watch,Apple Watch
2024-09-10T10:26:36Z,2024-09-10T10:26:38Z,6,马林康的Apple Watch,Apple Watch
2024-09-10T10:26:38Z,2024-09-10T10:26:41Z,8,马林康的Apple Watch,Apple Watch
2024-09-10T10:26:41Z,2024-09-10T10:26:44Z,8,马林康的Apple Watch,Apple Watch
2024-09-10T10:26:44Z,2024-09-10T10:26:46Z,8,马林康的Apple Watch,Apple Watch
2024-09-10T10:26:46Z,2024-09-10T10:26:49Z,8,马林康的Apple Watch,Apple Watch
2024-09-10T10:26:49Z,2024-09-10T10:26:51Z,8,马林康的Apple Watch,Apple Watch
2024-09-10T10:26:51Z,2024-09-10T10:26:54Z,8,马林康的Apple Watch,Apple Watch
2024-09-10T10:26:54Z,2024-09-10T10:26:57Z,8,马林康的Apple Watch,Apple Watch
2024-09-10T10:26:57Z,2024-09-10T10:26:59Z,8,马林康的Apple Watch,Apple Watch
2024-09-10T10:26:59Z,2024-09-10T10:27:02Z,7,马林康的Apple Watch,Apple Watch
2024-09-10T10:27:02Z,2024-09-10T10:27:04Z,8,马林康的Apple Watch,Apple Watch
2024-09-10T10:27:04Z,2024-09-10T10:27:07Z,8,马林康的Apple Watch,Apple Watch
2024-09-10T10:27:07Z,2024-09-10T10:27:09Z,8,马林康的Apple Watch,Apple Watch
2024-09-10T10:27:09Z,2024-09-10T10:27:12Z,7,马林康的Apple Watch,Apple Watch
2024-09-10T10:27:12Z,2024-09-10T10:27:15Z,8,马林康的Apple Watch,Apple Watch
2024-09-10T10:27:15Z,2024-09-10T10:27:17Z,7,马林康的Apple Watch,Apple Watch
2024-09-10T10:27:17Z,2024-09-10T10:27:20Z,8,马林康的Apple Watch,Apple Watch
2024-09-10T10:27:20Z,2024-09-10T10:27:22Z,8,马林康的Apple Watch,Apple Watch
2024-09-10T10:27:22Z,2024-09-10T10:27:25Z,8,马林康的Apple Watch,Apple Watch
2024-09-10T10:27:25Z,2024-09-10T10:27:27Z,8,马林康的Apple Watch,Apple Watch
2024-09-10T10:27:27Z,2024-09-10T10:27:30Z,8,马林康的Apple Watch,Apple Watch
2024-09-10T10:27:30Z,2024-09-10T10:27:33Z,7,马林康的Apple Watch,Apple Watch
2024-09-10T10:27:33Z,2024-09-10T10:27:35Z,8,马林康的Apple Watch,Apple Watch
2024-09-10T10:27:35Z,2024-09-10T10:27:38Z,8,马林康的Apple Watch,Apple Watch
2024-09-10T10:27:38Z,2024-09-10T10:27:40Z,8,马林康的Apple Watch,Apple Watch
2024-09-10T10:27:40Z,2024-09-10T10:27:43Z,8,马林康的Apple Watch,Apple Watch
2024-09-10T10:27:43Z,2024-09-10T10:27:45Z,7,马林康的Apple Watch,Apple Watch
2024-09-10T10:27:45Z,2024-09-10T10:27:48Z,8,马林康的Apple Watch,Apple Watch
2024-09-10T10:27:48Z,2024-09-10T10:27:51Z,8,马林康的Apple Watch,Apple Watch
2024-09-10T10:27:51Z,2024-09-10T10:27:53Z,7,马林康的Apple Watch,Apple Watch
2024-09-10T10:27:53Z,2024-09-10T10:27:56Z,8,马林康的Apple Watch,Apple Watch
2024-09-10T10:27:56Z,2024-09-10T10:27:58Z,8,马林康的Apple Watch,Apple Watch
2024-09-10T10:27:58Z,2024-09-10T10:28:01Z,8,马林康的Apple Watch,Apple Watch
2024-09-10T10:28:01Z,2024-09-10T10:28:04Z,7,马林康的Apple Watch,Apple Watch
2024-09-10T10:28:04Z,2024-09-10T10:28:06Z,8,马林康的Apple Watch,Apple Watch
2024-09-10T10:28:06Z,2024-09-10T10:28:09Z,7,马林康的Apple Watch,Apple Watch
2024-09-10T10:28:09Z,2024-09-10T10:28:11Z,6,马林康的Apple Watch,Apple Watch
2024-09-10T10:28:11Z,2024-09-10T10:28:14Z,8,马林康的Apple Watch,Apple Watch
2024-09-10T10:28:14Z,2024-09-10T10:28:16Z,8,马林康的Apple Watch,Apple Watch
2024-09-10T10:28:16Z,2024-09-10T10:28:19Z,6,马林康的Apple Watch,Apple Watch
2024-09-10T10:28:19Z,2024-09-10T10:28:22Z,8,马林康的Apple Watch,Apple Watch
2024-09-10T10:28:22Z,2024-09-10T10:28:24Z,8,马林康的Apple Watch,Apple Watch
2024-09-10T10:28:24Z,2024-09-10T10:28:27Z,9,马林康的Apple Watch,Apple Watch
2024-09-10T10:28:27Z,2024-09-10T10:28:29Z,8,马林康的Apple Watch,Apple Watch
2024-09-10T10:28:29Z,2024-09-10T10:28:32Z,7,马林康的Apple Watch,Apple Watch
2024-09-10T10:28:32Z,2024-09-10T10:28:34Z,8,马林康的Apple Watch,Apple Watch
2024-09-10T10:28:34Z,2024-09-10T10:28:37Z,8,马林康的Apple Watch,Apple Watch
2024-09-10T10:28:37Z,2024-09-10T10:28:40Z,8,马林康的Apple Watch,Apple Watch
2024-09-10T10:28:40Z,2024-09-10T10:28:42Z,7,马林康的Apple Watch,Apple Watch
2024-09-10T10:28:42Z,2024-09-10T10:28:45Z,8,马林康的Apple Watch,Apple Watch
2024-09-10T10:28:45Z,2024-09-10T10:28:47Z,6,马林康的Apple Watch,Apple Watch
2024-09-10T10:28:47Z,2024-09-10T10:28:50Z,9,马林康的Apple Watch,Apple Watch
2024-09-10T10:28:50Z,2024-09-10T10:28:52Z,8,马林康的Apple Watch,Apple Watch
2024-09-10T10:28:52Z,2024-09-10T10:28:55Z,8,马林康的Apple Watch,Apple Watch
2024-09-10T10:28:55Z,2024-09-10T10:28:58Z,8,马林康的Apple Watch,Apple Watch
2024-09-10T10:28:58Z,2024-09-10T10:29:00Z,7,马林康的Apple Watch,Apple Watch
2024-09-10T10:29:00Z,2024-09-10T10:29:03Z,8,马林康的Apple Watch,Apple Watch
2024-09-10T10:29:03Z,2024-09-10T10:29:05Z,8,马林康的Apple Watch,Apple Watch
2024-09-10T10:29:05Z,2024-09-10T10:29:08Z,7,马林康的Apple Watch,Apple Watch
2024-09-10T10:29:08Z,2024-09-10T10:29:11Z,8,马林康的Apple Watch,Apple Watch
2024-09-10T10:29:11Z,2024-09-10T10:29:13Z,7,马林康的Apple Watch,Apple Watch
2024-09-10T10:29:13Z,2024-09-10T10:29:16Z,8,马林康的Apple Watch,Apple Watch
2024-09-10T10:29:16Z,2024-09-10T10:29:18Z,7,马林康的Apple Watch,Apple Watch
2024-09-10T10:29:18Z,2024-09-10T10:29:21Z,8,马林康的Apple Watch,Apple Watch
2024-09-10T10:29:21Z,2024-09-10T10:29:23Z,6,马林康的Apple Watch,Apple Watch
2024-09-10T10:29:23Z,2024-09-10T10:29:26Z,7,马林康的Apple Watch,Apple Watch
2024-09-10T10:29:26Z,2024-09-10T10:29:29Z,7,马林康的Apple Watch,Apple Watch
2024-09-10T10:29:29Z,2024-09-10T10:29:31Z,7,马林康的Apple Watch,Apple Watch
2024-09-10T10:29:31Z,2024-09-10T10:29:34Z,8,马林康的Apple Watch,Apple Watch
2024-09-10T10:29:34Z,2024-09-10T10:29:36Z,8,马林康的Apple Watch,Apple Watch
2024-09-10T10:29:36Z,2024-09-10T10:29:39Z,7,马林康的Apple Watch,Apple Watch
2024-09-10T10:29:39Z,2024-09-10T10:29:41Z,8,马林康的Apple Watch,Apple Watch
2024-09-10T10:29:41Z,2024-09-10T10:29:44Z,8,马林康的Apple Watch,Apple Watch
2024-09-10T10:29:44Z,2024-09-10T10:29:47Z,8,马林康的Apple Watch,Apple Watch
2024-09-10T10:29:47Z,2024-09-10T10:29:49Z,7,马林康的Apple Watch,Apple Watch
2024-09-10T10:29:49Z,2024-09-10T10:29:52Z,8,马林康的Apple Watch,Apple Watch
2024-09-10T10:29:52Z,2024-09-10T10:29:54Z,8,马林康的Apple Watch,Apple Watch
2024-09-10T10:29:54Z,2024-09-10T10:29:57Z,8,马林康的Apple Watch,Apple Watch
2024-09-10T10:29:57Z,2024-09-10T10:29:59Z,8,马林康的Apple Watch,Apple Watch
2024-09-10T10:29:59Z,2024-09-10T10:30:02Z,7,马林康的Apple Watch,Apple Watch
2024-09-10T10:30:02Z,2024-09-10T10:30:05Z,8,马林康的Apple Watch,Apple Watch
2024-09-10T10:30:05Z,2024-09-10T10:30:07Z,8,马林康的Apple Watch,Apple Watch
2024-09-10T10:30:07Z,2024-09-10T10:30:10Z,8,马林康的Apple Watch,Apple Watch
2024-09-10T10:30:10Z,2024-09-10T10:30:12Z,8,马林康的Apple Watch,Apple Watch
2024-09-10T10:30:12Z,2024-09-10T10:30:15Z,7,马林康的Apple Watch,Apple Watch
2024-09-10T10:30:15Z,2024-09-10T10:30:18Z,7,马林康的Apple Watch,Apple Watch
2024-09-10T10:30:18Z,2024-09-10T10:30:20Z,8,马林康的Apple Watch,Apple Watch
2024-09-10T10:30:20Z,2024-09-10T10:30:23Z,8,马林康的Apple Watch,Apple Watch
2024-09-10T10:30:23Z,2024-09-10T10:30:25Z,8,马林康的Apple Watch,Apple Watch
2024-09-10T10:30:25Z,2024-09-10T10:30:28Z,8,马林康的Apple Watch,Apple Watch
2024-09-10T10:30:28Z,2024-09-10T10:30:30Z,7,马林康的Apple Watch,Apple Watch
2024-09-10T10:30:30Z,2024-09-10T10:30:33Z,8,马林康的Apple Watch,Apple Watch
2024-09-10T10:30:33Z,2024-09-10T10:30:36Z,8,马林康的Apple Watch,Apple Watch
2024-09-10T10:30:36Z,2024-09-10T10:30:38Z,8,马林康的Apple Watch,Apple Watch
2024-09-10T10:30:38Z,2024-09-10T10:30:41Z,8,马林康的Apple Watch,Apple Watch
2024-09-10T10:30:41Z,2024-09-10T10:30:43Z,8,马林康的Apple Watch,Apple Watch
2024-09-10T10:30:43Z,2024-09-10T10:30:46Z,7,马林康的Apple Watch,Apple Watch
2024-09-10T10:30:46Z,2024-09-10T10:30:48Z,8,马林康的Apple Watch,Apple Watch
2024-09-10T10:30:48Z,2024-09-10T10:30:51Z,8,马林康的Apple Watch,Apple Watch
2024-09-10T10:30:51Z,2024-09-10T10:30:54Z,8,马林康的Apple Watch,Apple Watch
2024-09-10T10:30:54Z,2024-09-10T10:30:56Z,7,马林康的Apple Watch,Apple Watch
2024-09-10T10:30:56Z,2024-09-10T10:30:59Z,8,马林康的Apple Watch,Apple Watch
2024-09-10T10:30:59Z,2024-09-10T10:31:01Z,7,马林康的Apple Watch,Apple Watch
2024-09-10T10:31:01Z,2024-09-10T10:31:04Z,9,马林康的Apple Watch,Apple Watch
2024-09-10T10:31:04Z,2024-09-10T10:31:07Z,8,马林康的Apple Watch,Apple Watch
2024-09-10T10:31:07Z,2024-09-10T10:31:09Z,8,马林康的Apple Watch,Apple Watch
2024-09-10T10:31:09Z,2024-09-10T10:31:12Z,7,马林康的Apple Watch,Apple Watch
2024-09-10T10:31:12Z,2024-09-10T10:31:14Z,8,马林康的Apple Watch,Apple Watch
2024-09-10T10:31:14Z,2024-09-10T10:31:17Z,8,马林康的Apple Watch,Apple Watch
2024-09-10T10:31:17Z,2024-09-10T10:31:19Z,8,马林康的Apple Watch,Apple Watch
2024-09-10T10:31:19Z,2024-09-10T10:31:22Z,8,马林康的Apple Watch,Apple Watch
2024-09-10T10:31:22Z,2024-09-10T10:31:25Z,8,马林康的Apple Watch,Apple Watch
2024-09-10T10:31:25Z,2024-09-10T10:31:27Z,7,马林康的Apple Watch,Apple Watch
2024-09-10T10:31:27Z,2024-09-10T10:31:30Z,8,马林康的Apple Watch,Apple Watch
2024-09-10T10:31:30Z,2024-09-10T10:31:32Z,8,马林康的Apple Watch,Apple Watch
2024-09-10T10:31:32Z,2024-09-10T10:31:35Z,8,马林康的Apple Watch,Apple Watch
2024-09-10T10:31:35Z,2024-09-10T10:31:37Z,7,马林康的Apple Watch,Apple Watch
2024-09-10T10:31:37Z,2024-09-10T10:31:40Z,8,马林康的Apple Watch,Apple Watch
2024-09-10T10:31:40Z,2024-09-10T10:31:43Z,8,马林康的Apple Watch,Apple Watch
2024-09-10T10:31:43Z,2024-09-10T10:31:45Z,8,马林康的Apple Watch,Apple Watch
2024-09-10T10:31:45Z,2024-09-10T10:31:48Z,8,马林康的Apple Watch,Apple Watch
2024-09-10T10:31:48Z,2024-09-10T10:31:50Z,6,马林康的Apple Watch,Apple Watch
2024-09-10T10:31:50Z,2024-09-10T10:31:53Z,8,马林康的Apple Watch,Apple Watch
2024-09-10T10:31:53Z,2024-09-10T10:31:56Z,8,马林康的Apple Watch,Apple Watch
2024-09-10T10:31:56Z,2024-09-10T10:31:58Z,8,马林康的Apple Watch,Apple Watch
2024-09-10T10:31:58Z,2024-09-10T10:32:01Z,8,马林康的Apple Watch,Apple Watch
2024-09-10T10:32:01Z,2024-09-10T10:32:03Z,7,马林康的Apple Watch,Apple Watch
2024-09-10T10:32:03Z,2024-09-10T10:32:06Z,8,马林康的Apple Watch,Apple Watch
2024-09-10T10:32:06Z,2024-09-10T10:32:08Z,7,马林康的Apple Watch,Apple Watch
2024-09-10T10:32:08Z,2024-09-10T10:32:11Z,8,马林康的Apple Watch,Apple Watch
2024-09-10T10:32:11Z,2024-09-10T10:32:14Z,8,马林康的Apple Watch,Apple Watch
2024-09-10T10:32:14Z,2024-09-10T10:32:16Z,7,马林康的Apple Watch,Apple Watch
2024-09-10T10:32:16Z,2024-09-10T10:32:19Z,7,马林康的Apple Watch,Apple Watch
2024-09-10T10:32:19Z,2024-09-10T10:32:21Z,8,马林康的Apple Watch,Apple Watch
2024-09-10T10:32:21Z,2024-09-10T10:32:24Z,7,马林康的Apple Watch,Apple Watch
2024-09-10T10:32:24Z,2024-09-10T10:32:26Z,8,马林康的Apple Watch,Apple Watch
2024-09-10T10:32:26Z,2024-09-10T10:32:29Z,8,马林康的Apple Watch,Apple Watch
2024-09-10T10:32:29Z,2024-09-10T10:32:32Z,7,马林康的Apple Watch,Apple Watch
2024-09-10T10:32:32Z,2024-09-10T10:32:34Z,7,马林康的Apple Watch,Apple Watch
2024-09-10T10:32:34Z,2024-09-10T10:32:37Z,9,马林康的Apple Watch,Apple Watch
2024-09-10T10:32:37Z,2024-09-10T10:32:39Z,7,马林康的Apple Watch,Apple Watch
2024-09-10T10:32:39Z,2024-09-10T10:32:42Z,8,马林康的Apple Watch,Apple Watch
2024-09-10T10:32:42Z,2024-09-10T10:32:45Z,7,马林康的Apple Watch,Apple Watch
2024-09-10T10:32:45Z,2024-09-10T10:32:47Z,8,马林康的Apple Watch,Apple Watch
2024-09-10T10:32:47Z,2024-09-10T10:32:50Z,8,马林康的Apple Watch,Apple Watch
2024-09-10T10:32:50Z,2024-09-10T10:32:52Z,7,马林康的Apple Watch,Apple Watch
2024-09-10T10:32:52Z,2024-09-10T10:32:55Z,8,马林康的Apple Watch,Apple Watch
2024-09-10T10:32:55Z,2024-09-10T10:32:57Z,7,马林康的Apple Watch,Apple Watch
2024-09-10T10:32:57Z,2024-09-10T10:33:00Z,6,马林康的Apple Watch,Apple Watch
2024-09-10T10:33:00Z,2024-09-10T10:33:03Z,9,马林康的Apple Watch,Apple Watch
2024-09-10T10:33:03Z,2024-09-10T10:33:05Z,8,马林康的Apple Watch,Apple Watch
2024-09-10T10:33:05Z,2024-09-10T10:33:08Z,7,马林康的Apple Watch,Apple Watch
2024-09-10T10:33:08Z,2024-09-10T10:33:10Z,8,马林康的Apple Watch,Apple Watch
2024-09-10T10:33:10Z,2024-09-10T10:33:13Z,7,马林康的Apple Watch,Apple Watch
2024-09-10T10:33:13Z,2024-09-10T10:33:15Z,7,马林康的Apple Watch,Apple Watch
2024-09-10T10:33:15Z,2024-09-10T10:33:18Z,8,马林康的Apple Watch,Apple Watch
2024-09-10T10:33:18Z,2024-09-10T10:33:21Z,7,马林康的Apple Watch,Apple Watch
2024-09-10T10:33:21Z,2024-09-10T10:33:23Z,8,马林康的Apple Watch,Apple Watch
2024-09-10T10:33:23Z,2024-09-10T10:33:26Z,7,马林康的Apple Watch,Apple Watch
2024-09-10T10:33:26Z,2024-09-10T10:33:28Z,8,马林康的Apple Watch,Apple Watch
2024-09-10T10:33:28Z,2024-09-10T10:33:31Z,7,马林康的Apple Watch,Apple Watch
2024-09-10T10:33:31Z,2024-09-10T10:33:34Z,7,马林康的Apple Watch,Apple Watch
2024-09-10T10:33:34Z,2024-09-10T10:33:36Z,7,马林康的Apple Watch,Apple Watch
2024-09-10T10:33:36Z,2024-09-10T10:33:39Z,8,马林康的Apple Watch,Apple Watch
2024-09-10T10:33:39Z,2024-09-10T10:33:41Z,7,马林康的Apple Watch,Apple Watch
2024-09-10T10:33:41Z,2024-09-10T10:33:44Z,8,马林康的Apple Watch,Apple Watch
2024-09-10T10:33:44Z,2024-09-10T10:33:46Z,7,马林康的Apple Watch,Apple Watch
2024-09-10T10:33:46Z,2024-09-10T10:33:49Z,7,马林康的Apple Watch,Apple Watch
2024-09-10T10:33:49Z,2024-09-10T10:33:52Z,8,马林康的Apple Watch,Apple Watch
2024-09-10T10:33:52Z,2024-09-10T10:33:54Z,7,马林康的Apple Watch,Apple Watch
2024-09-10T10:33:54Z,2024-09-10T10:33:57Z,8,马林康的Apple Watch,Apple Watch
2024-09-10T10:33:57Z,2024-09-10T10:33:59Z,7,马林康的Apple Watch,Apple Watch
2024-09-10T10:33:59Z,2024-09-10T10:34:02Z,8,马林康的Apple Watch,Apple Watch
2024-09-10T10:34:02Z,2024-09-10T10:34:04Z,7,马林康的Apple Watch,Apple Watch
2024-09-10T10:34:04Z,2024-09-10T10:34:07Z,8,马林康的Apple Watch,Apple Watch
2024-09-10T10:34:07Z,2024-09-10T10:34:10Z,7,马林康的Apple Watch,Apple Watch
2024-09-10T10:34:10Z,2024-09-10T10:34:12Z,8,马林康的Apple Watch,Apple Watch
2024-09-10T10:34:12Z,2024-09-10T10:34:15Z,7,马林康的Apple Watch,Apple Watch
2024-09-10T10:34:15Z,2024-09-10T10:34:17Z,7,马林康的Apple Watch,Apple Watch
2024-09-10T10:34:17Z,2024-09-10T10:34:20Z,6,马林康的Apple Watch,Apple Watch
2024-09-10T10:34:20Z,2024-09-10T10:34:22Z,5,马林康的Apple Watch,Apple Watch
2024-09-10T10:34:22Z,2024-09-10T10:34:25Z,8,马林康的Apple Watch,Apple Watch
2024-09-10T10:34:25Z,2024-09-10T10:34:28Z,7,马林康的Apple Watch,Apple Watch
2024-09-10T10:34:28Z,2024-09-10T10:34:30Z,8,马林康的Apple Watch,Apple Watch
2024-09-10T10:34:30Z,2024-09-10T10:34:33Z,7,马林康的Apple Watch,Apple Watch
2024-09-10T10:34:33Z,2024-09-10T10:34:35Z,6,马林康的Apple Watch,Apple Watch
2024-09-10T10:34:35Z,2024-09-10T10:34:38Z,9,马林康的Apple Watch,Apple Watch
2024-09-10T10:34:38Z,2024-09-10T10:34:41Z,7,马林康的Apple Watch,Apple Watch
2024-09-10T10:34:41Z,2024-09-10T10:34:43Z,8,马林康的Apple Watch,Apple Watch
2024-09-10T10:34:43Z,2024-09-10T10:34:46Z,7,马林康的Apple Watch,Apple Watch
2024-09-10T10:34:46Z,2024-09-10T10:34:48Z,8,马林康的Apple Watch,Apple Watch
2024-09-10T10:34:48Z,2024-09-10T10:34:51Z,7,马林康的Apple Watch,Apple Watch
2024-09-10T10:34:51Z,2024-09-10T10:34:53Z,8,马林康的Apple Watch,Apple Watch
2024-09-10T10:34:53Z,2024-09-10T10:34:56Z,8,马林康的Apple Watch,Apple Watch
2024-09-10T10:34:56Z,2024-09-10T10:34:59Z,7,马林康的Apple Watch,Apple Watch
2024-09-10T10:34:59Z,2024-09-10T10:35:01Z,8,马林康的Apple Watch,Apple Watch
2024-09-10T10:35:01Z,2024-09-10T10:35:04Z,7,马林康的Apple Watch,Apple Watch
2024-09-10T10:35:04Z,2024-09-10T10:35:06Z,8,马林康的Apple Watch,Apple Watch
2024-09-10T10:35:06Z,2024-09-10T10:35:09Z,7,马林康的Apple Watch,Apple Watch
2024-09-10T10:35:09Z,2024-09-10T10:35:11Z,8,马林康的Apple Watch,Apple Watch
2024-09-10T10:35:11Z,2024-09-10T10:35:14Z,7,马林康的Apple Watch,Apple Watch
2024-09-10T10:35:14Z,2024-09-10T10:35:17Z,8,马林康的Apple Watch,Apple Watch
2024-09-10T10:35:17Z,2024-09-10T10:35:19Z,7,马林康的Apple Watch,Apple Watch
2024-09-10T10:35:19Z,2024-09-10T10:35:22Z,7,马林康的Apple Watch,Apple Watch
2024-09-10T10:35:22Z,2024-09-10T10:35:24Z,8,马林康的Apple Watch,Apple Watch
2024-09-10T10:35:24Z,2024-09-10T10:35:27Z,8,马林康的Apple Watch,Apple Watch
2024-09-10T10:35:27Z,2024-09-10T10:35:30Z,7,马林康的Apple Watch,Apple Watch
2024-09-10T10:35:30Z,2024-09-10T10:35:32Z,7,马林康的Apple Watch,Apple Watch
2024-09-10T10:35:32Z,2024-09-10T10:35:35Z,8,马林康的Apple Watch,Apple Watch
2024-09-10T10:35:35Z,2024-09-10T10:35:37Z,7,马林康的Apple Watch,Apple Watch
2024-09-10T10:35:37Z,2024-09-10T10:35:40Z,8,马林康的Apple Watch,Apple Watch
2024-09-10T10:35:40Z,2024-09-10T10:35:42Z,7,马林康的Apple Watch,Apple Watch
2024-09-10T10:35:42Z,2024-09-10T10:35:45Z,8,马林康的Apple Watch,Apple Watch
2024-09-10T10:35:45Z,2024-09-10T10:35:48Z,7,马林康的Apple Watch,Apple Watch
2024-09-10T10:35:48Z,2024-09-10T10:35:50Z,8,马林康的Apple Watch,Apple Watch
2024-09-10T10:35:50Z,2024-09-10T10:35:53Z,8,马林康的Apple Watch,Apple Watch
2024-09-10T10:35:53Z,2024-09-10T10:35:55Z,6,马林康的Apple Watch,Apple Watch
2024-09-10T10:35:55Z,2024-09-10T10:35:58Z,8,马林康的Apple Watch,Apple Watch
2024-09-10T10:35:58Z,2024-09-10T10:36:00Z,7,马林康的Apple Watch,Apple Watch
2024-09-10T10:36:00Z,2024-09-10T10:36:03Z,8,马林康的Apple Watch,Apple Watch
2024-09-10T10:36:03Z,2024-09-10T10:36:06Z,7,马林康的Apple Watch,Apple Watch
2024-09-10T10:36:06Z,2024-09-10T10:36:08Z,8,马林康的Apple Watch,Apple Watch
2024-09-10T10:36:08Z,2024-09-10T10:36:11Z,7,马林康的Apple Watch,Apple Watch
2024-09-10T10:36:11Z,2024-09-10T10:36:13Z,8,马林康的Apple Watch,Apple Watch
2024-09-10T10:36:13Z,2024-09-10T10:36:16Z,7,马林康的Apple Watch,Apple Watch
2024-09-10T10:36:16Z,2024-09-10T10:36:18Z,8,马林康的Apple Watch,Apple Watch
2024-09-10T10:36:18Z,2024-09-10T10:36:21Z,8,马林康的Apple Watch,Apple Watch
2024-09-10T10:36:21Z,2024-09-10T10:36:24Z,7,马林康的Apple Watch,Apple Watch
2024-09-10T10:36:24Z,2024-09-10T10:36:26Z,8,马林康的Apple Watch,Apple Watch
2024-09-10T10:36:26Z,2024-09-10T10:36:29Z,7,马林康的Apple Watch,Apple Watch
2024-09-10T10:36:29Z,2024-09-10T10:36:31Z,8,马林康的Apple Watch,Apple Watch
2024-09-10T10:36:31Z,2024-09-10T10:36:34Z,7,马林康的Apple Watch,Apple Watch
2024-09-10T10:36:34Z,2024-09-10T10:36:37Z,8,马林康的Apple Watch,Apple Watch
2024-09-10T10:36:37Z,2024-09-10T10:36:39Z,7,马林康的Apple Watch,Apple Watch
2024-09-10T10:36:39Z,2024-09-10T10:36:42Z,8,马林康的Apple Watch,Apple Watch
2024-09-10T10:36:42Z,2024-09-10T10:36:44Z,7,马林康的Apple Watch,Apple Watch
2024-09-10T10:36:44Z,2024-09-10T10:36:47Z,8,马林康的Apple Watch,Apple Watch
2024-09-10T10:36:47Z,2024-09-10T10:36:49Z,7,马林康的Apple Watch,Apple Watch
2024-09-10T10:36:49Z,2024-09-10T10:36:52Z,8,马林康的Apple Watch,Apple Watch
2024-09-10T10:36:52Z,2024-09-10T10:36:55Z,6,马林康的Apple Watch,Apple Watch
2024-09-10T10:36:55Z,2024-09-10T10:36:57Z,8,马林康的Apple Watch,Apple Watch
2024-09-10T10:36:57Z,2024-09-10T10:37:00Z,6,马林康的Apple Watch,Apple Watch
2024-09-10T10:37:00Z,2024-09-10T10:37:02Z,8,马林康的Apple Watch,Apple Watch
2024-09-10T10:37:02Z,2024-09-10T10:37:05Z,8,马林康的Apple Watch,Apple Watch
2024-09-10T10:37:05Z,2024-09-10T10:37:07Z,7,马林康的Apple Watch,Apple Watch
2024-09-10T10:37:07Z,2024-09-10T10:37:10Z,8,马林康的Apple Watch,Apple Watch
2024-09-10T10:37:10Z,2024-09-10T10:37:13Z,7,马林康的Apple Watch,Apple Watch
2024-09-10T10:37:13Z,2024-09-10T10:37:15Z,8,马林康的Apple Watch,Apple Watch
2024-09-10T10:37:15Z,2024-09-10T10:37:18Z,7,马林康的Apple Watch,Apple Watch
2024-09-10T10:37:18Z,2024-09-10T10:37:20Z,8,马林康的Apple Watch,Apple Watch
2024-09-10T10:37:20Z,2024-09-10T10:37:23Z,7,马林康的Apple Watch,Apple Watch
2024-09-10T10:37:23Z,2024-09-10T10:37:26Z,7,马林康的Apple Watch,Apple Watch
2024-09-10T10:37:26Z,2024-09-10T10:37:28Z,8,马林康的Apple Watch,Apple Watch
2024-09-10T10:37:28Z,2024-09-10T10:37:31Z,7,马林康的Apple Watch,Apple Watch
2024-09-10T10:37:31Z,2024-09-10T10:37:33Z,8,马林康的Apple Watch,Apple Watch
2024-09-10T10:37:33Z,2024-09-10T10:37:36Z,6,马林康的Apple Watch,Apple Watch
2024-09-10T10:37:36Z,2024-09-10T10:37:38Z,8,马林康的Apple Watch,Apple Watch
2024-09-10T10:37:38Z,2024-09-10T10:37:41Z,7,马林康的Apple Watch,Apple Watch
2024-09-10T10:37:41Z,2024-09-10T10:37:44Z,8,马林康的Apple Watch,Apple Watch
2024-09-10T10:37:44Z,2024-09-10T10:37:46Z,8,马林康的Apple Watch,Apple Watch
2024-09-10T10:37:46Z,2024-09-10T10:37:49Z,7,马林康的Apple Watch,Apple Watch
2024-09-10T10:37:49Z,2024-09-10T10:37:51Z,8,马林康的Apple Watch,Apple Watch
2024-09-10T10:37:51Z,2024-09-10T10:37:54Z,7,马林康的Apple Watch,Apple Watch
2024-09-10T10:37:54Z,2024-09-10T10:37:56Z,8,马林康的Apple Watch,Apple Watch
2024-09-10T10:37:56Z,2024-09-10T10:37:59Z,7,马林康的Apple Watch,Apple Watch
2024-09-10T10:37:59Z,2024-09-10T10:38:02Z,7,马林康的Apple Watch,Apple Watch
2024-09-10T10:38:02Z,2024-09-10T10:38:04Z,8,马林康的Apple Watch,Apple Watch
2024-09-10T10:38:04Z,2024-09-10T10:38:07Z,7,马林康的Apple Watch,Apple Watch
2024-09-10T10:38:07Z,2024-09-10T10:38:09Z,8,马林康的Apple Watch,Apple Watch
2024-09-10T10:38:09Z,2024-09-10T10:38:12Z,7,马林康的Apple Watch,Apple Watch
2024-09-10T10:38:12Z,2024-09-10T10:38:14Z,8,马林康的Apple Watch,Apple Watch
2024-09-10T10:38:14Z,2024-09-10T10:38:17Z,7,马林康的Apple Watch,Apple Watch
2024-09-10T10:38:17Z,2024-09-10T10:38:20Z,7,马林康的Apple Watch,Apple Watch
2024-09-10T10:38:20Z,2024-09-10T10:38:22Z,8,马林康的Apple Watch,Apple Watch
2024-09-10T10:38:22Z,2024-09-10T10:38:25Z,7,马林康的Apple Watch,Apple Watch
2024-09-10T10:38:25Z,2024-09-10T10:38:27Z,8,马林康的Apple Watch,Apple Watch
2024-09-10T10:38:27Z,2024-09-10T10:38:30Z,7,马林康的Apple Watch,Apple Watch
2024-09-10T10:38:30Z,2024-09-10T10:38:33Z,8,马林康的Apple Watch,Apple Watch
2024-09-10T10:38:33Z,2024-09-10T10:38:35Z,7,马林康的Apple Watch,Apple Watch
2024-09-10T10:38:35Z,2024-09-10T10:38:38Z,8,马林康的Apple Watch,Apple Watch
2024-09-10T10:38:38Z,2024-09-10T10:38:40Z,7,马林康的Apple Watch,Apple Watch
2024-09-10T10:38:40Z,2024-09-10T10:38:43Z,7,马林康的Apple Watch,Apple Watch
2024-09-10T10:38:43Z,2024-09-10T10:38:45Z,8,马林康的Apple Watch,Apple Watch
2024-09-10T10:38:45Z,2024-09-10T10:38:48Z,7,马林康的Apple Watch,Apple Watch
2024-09-10T10:38:48Z,2024-09-10T10:38:51Z,8,马林康的Apple Watch,Apple Watch
2024-09-10T10:38:51Z,2024-09-10T10:38:53Z,7,马林康的Apple Watch,Apple Watch
2024-09-10T10:38:53Z,2024-09-10T10:38:56Z,8,马林康的Apple Watch,Apple Watch
2024-09-10T10:38:56Z,2024-09-10T10:38:58Z,7,马林康的Apple Watch,Apple Watch
2024-09-10T10:38:58Z,2024-09-10T10:39:01Z,8,马林康的Apple Watch,Apple Watch
2024-09-10T10:39:01Z,2024-09-10T10:39:03Z,7,马林康的Apple Watch,Apple Watch
2024-09-10T10:39:03Z,2024-09-10T10:39:06Z,7,马林康的Apple Watch,Apple Watch
2024-09-10T10:39:06Z,2024-09-10T10:39:09Z,8,马林康的Apple Watch,Apple Watch
2024-09-10T10:39:09Z,2024-09-10T10:39:11Z,7,马林康的Apple Watch,Apple Watch
2024-09-10T10:39:11Z,2024-09-10T10:39:14Z,8,马林康的Apple Watch,Apple Watch
2024-09-10T10:39:14Z,2024-09-10T10:39:16Z,7,马林康的Apple Watch,Apple Watch
2024-09-10T10:39:16Z,2024-09-10T10:39:19Z,8,马林康的Apple Watch,Apple Watch
2024-09-10T10:39:19Z,2024-09-10T10:39:22Z,7,马林康的Apple Watch,Apple Watch
2024-09-10T10:39:22Z,2024-09-10T10:39:24Z,7,马林康的Apple Watch,Apple Watch
2024-09-10T10:39:24Z,2024-09-10T10:39:27Z,8,马林康的Apple Watch,Apple Watch
2024-09-10T10:39:27Z,2024-09-10T10:39:29Z,7,马林康的Apple Watch,Apple Watch
2024-09-10T10:39:29Z,2024-09-10T10:39:32Z,7,马林康的Apple Watch,Apple Watch
2024-09-10T10:39:32Z,2024-09-10T10:39:34Z,7,马林康的Apple Watch,Apple Watch
2024-09-10T10:39:34Z,2024-09-10T10:39:37Z,7,马林康的Apple Watch,Apple Watch
2024-09-10T10:40:00Z,2024-09-10T10:40:03Z,6,马林康的Apple Watch,Apple Watch
2024-09-10T10:40:03Z,2024-09-10T10:40:05Z,8,马林康的Apple Watch,Apple Watch
2024-09-10T10:40:05Z,2024-09-10T10:40:08Z,8,马林康的Apple Watch,Apple Watch
2024-09-10T10:40:08Z,2024-09-10T10:40:10Z,7,马林康的Apple Watch,Apple Watch
2024-09-10T10:40:10Z,2024-09-10T10:40:13Z,8,马林康的Apple Watch,Apple Watch
2024-09-10T10:40:13Z,2024-09-10T10:40:16Z,8,马林康的Apple Watch,Apple Watch
2024-09-10T10:40:16Z,2024-09-10T10:40:18Z,7,马林康的Apple Watch,Apple Watch
2024-09-10T10:40:18Z,2024-09-10T10:40:21Z,8,马林康的Apple Watch,Apple Watch
2024-09-10T10:40:21Z,2024-09-10T10:40:23Z,8,马林康的Apple Watch,Apple Watch
2024-09-10T10:40:23Z,2024-09-10T10:40:26Z,8,马林康的Apple Watch,Apple Watch
2024-09-10T10:40:26Z,2024-09-10T10:40:28Z,7,马林康的Apple Watch,Apple Watch
2024-09-10T10:40:28Z,2024-09-10T10:40:31Z,8,马林康的Apple Watch,Apple Watch
2024-09-10T10:40:31Z,2024-09-10T10:40:34Z,8,马林康的Apple Watch,Apple Watch
2024-09-10T10:40:34Z,2024-09-10T10:40:36Z,7,马林康的Apple Watch,Apple Watch
2024-09-10T10:40:36Z,2024-09-10T10:40:39Z,8,马林康的Apple Watch,Apple Watch
2024-09-10T10:40:39Z,2024-09-10T10:40:41Z,8,马林康的Apple Watch,Apple Watch
2024-09-10T10:40:41Z,2024-09-10T10:40:44Z,8,马林康的Apple Watch,Apple Watch
2024-09-10T10:40:44Z,2024-09-10T10:40:46Z,7,马林康的Apple Watch,Apple Watch
2024-09-10T10:40:46Z,2024-09-10T10:40:49Z,8,马林康的Apple Watch,Apple Watch
2024-09-10T10:40:49Z,2024-09-10T10:40:52Z,7,马林康的Apple Watch,Apple Watch
2024-09-10T10:40:52Z,2024-09-10T10:40:54Z,8,马林康的Apple Watch,Apple Watch
2024-09-10T10:40:54Z,2024-09-10T10:40:57Z,8,马林康的Apple Watch,Apple Watch
2024-09-10T10:40:57Z,2024-09-10T10:40:59Z,7,马林康的Apple Watch,Apple Watch
2024-09-10T10:40:59Z,2024-09-10T10:41:02Z,8,马林康的Apple Watch,Apple Watch
2024-09-10T10:41:02Z,2024-09-10T10:41:05Z,7,马林康的Apple Watch,Apple Watch
2024-09-10T10:41:05Z,2024-09-10T10:41:07Z,8,马林康的Apple Watch,Apple Watch
2024-09-10T10:41:07Z,2024-09-10T10:41:10Z,6,马林康的Apple Watch,Apple Watch
2024-09-10T10:41:10Z,2024-09-10T10:41:12Z,7,马林康的Apple Watch,Apple Watch
2024-09-10T10:41:12Z,2024-09-10T10:41:15Z,8,马林康的Apple Watch,Apple Watch
2024-09-10T10:41:15Z,2024-09-10T10:41:17Z,8,马林康的Apple Watch,Apple Watch
2024-09-10T10:41:17Z,2024-09-10T10:41:20Z,8,马林康的Apple Watch,Apple Watch
2024-09-10T10:41:20Z,2024-09-10T10:41:23Z,8,马林康的Apple Watch,Apple Watch
2024-09-10T10:41:23Z,2024-09-10T10:41:25Z,6,马林康的Apple Watch,Apple Watch
2024-09-10T10:41:25Z,2024-09-10T10:41:28Z,8,马林康的Apple Watch,Apple Watch
2024-09-10T10:41:28Z,2024-09-10T10:41:30Z,8,马林康的Apple Watch,Apple Watch
2024-09-10T10:41:30Z,2024-09-10T10:41:33Z,8,马林康的Apple Watch,Apple Watch
2024-09-10T10:41:33Z,2024-09-10T10:41:35Z,7,马林康的Apple Watch,Apple Watch
2024-09-10T10:41:35Z,2024-09-10T10:41:38Z,8,马林康的Apple Watch,Apple Watch
2024-09-10T10:41:38Z,2024-09-10T10:41:41Z,7,马林康的Apple Watch,Apple Watch
2024-09-10T10:41:41Z,2024-09-10T10:41:43Z,8,马林康的Apple Watch,Apple Watch
2024-09-10T10:41:43Z,2024-09-10T10:41:46Z,7,马林康的Apple Watch,Apple Watch
2024-09-10T10:41:46Z,2024-09-10T10:41:48Z,8,马林康的Apple Watch,Apple Watch
2024-09-10T10:41:48Z,2024-09-10T10:41:51Z,7,马林康的Apple Watch,Apple Watch
2024-09-10T10:41:51Z,2024-09-10T10:41:54Z,8,马林康的Apple Watch,Apple Watch
2024-09-10T10:41:54Z,2024-09-10T10:41:56Z,7,马林康的Apple Watch,Apple Watch
2024-09-10T10:41:56Z,2024-09-10T10:41:59Z,8,马林康的Apple Watch,Apple Watch
2024-09-10T10:41:59Z,2024-09-10T10:42:01Z,7,马林康的Apple Watch,Apple Watch
2024-09-10T10:42:01Z,2024-09-10T10:42:04Z,8,马林康的Apple Watch,Apple Watch
2024-09-10T10:42:04Z,2024-09-10T10:42:06Z,7,马林康的Apple Watch,Apple Watch
2024-09-10T10:42:06Z,2024-09-10T10:42:09Z,8,马林康的Apple Watch,Apple Watch
2024-09-10T10:42:09Z,2024-09-10T10:42:12Z,7,马林康的Apple Watch,Apple Watch
2024-09-10T10:42:12Z,2024-09-10T10:42:14Z,8,马林康的Apple Watch,Apple Watch
2024-09-10T10:42:14Z,2024-09-10T10:42:17Z,7,马林康的Apple Watch,Apple Watch
2024-09-10T10:42:17Z,2024-09-10T10:42:19Z,8,马林康的Apple Watch,Apple Watch
2024-09-10T10:42:19Z,2024-09-10T10:42:22Z,7,马林康的Apple Watch,Apple Watch
2024-09-10T10:42:22Z,2024-09-10T10:42:24Z,8,马林康的Apple Watch,Apple Watch
2024-09-10T10:42:24Z,2024-09-10T10:42:27Z,7,马林康的Apple Watch,Apple Watch
2024-09-10T10:42:27Z,2024-09-10T10:42:30Z,8,马林康的Apple Watch,Apple Watch
2024-09-10T10:42:30Z,2024-09-10T10:42:32Z,7,马林康的Apple Watch,Apple Watch
2024-09-10T10:42:32Z,2024-09-10T10:42:35Z,8,马林康的Apple Watch,Apple Watch
2024-09-10T10:42:35Z,2024-09-10T10:42:37Z,7,马林康的Apple Watch,Apple Watch
2024-09-10T10:42:37Z,2024-09-10T10:42:40Z,8,马林康的Apple Watch,Apple Watch
2024-09-10T10:42:40Z,2024-09-10T10:42:43Z,7,马林康的Apple Watch,Apple Watch
2024-09-10T10:42:43Z,2024-09-10T10:42:45Z,8,马林康的Apple Watch,Apple Watch
2024-09-10T10:42:45Z,2024-09-10T10:42:48Z,7,马林康的Apple Watch,Apple Watch
2024-09-10T10:42:48Z,2024-09-10T10:42:50Z,8,马林康的Apple Watch,Apple Watch
2024-09-10T10:42:50Z,2024-09-10T10:42:53Z,7,马林康的Apple Watch,Apple Watch
2024-09-10T10:42:53Z,2024-09-10T10:42:55Z,7,马林康的Apple Watch,Apple Watch
2024-09-10T10:42:55Z,2024-09-10T10:42:58Z,8,马林康的Apple Watch,Apple Watch
2024-09-10T10:42:58Z,2024-09-10T10:43:01Z,8,马林康的Apple Watch,Apple Watch
2024-09-10T10:43:01Z,2024-09-10T10:43:03Z,7,马林康的Apple Watch,Apple Watch
2024-09-10T10:43:03Z,2024-09-10T10:43:06Z,7,马林康的Apple Watch,Apple Watch
2024-09-10T10:43:06Z,2024-09-10T10:43:08Z,8,马林康的Apple Watch,Apple Watch
2024-09-10T10:43:08Z,2024-09-10T10:43:11Z,7,马林康的Apple Watch,Apple Watch
2024-09-10T10:43:11Z,2024-09-10T10:43:13Z,8,马林康的Apple Watch,Apple Watch
2024-09-10T10:43:13Z,2024-09-10T10:43:16Z,7,马林康的Apple Watch,Apple Watch
2024-09-10T10:43:16Z,2024-09-10T10:43:19Z,8,马林康的Apple Watch,Apple Watch
2024-09-10T10:43:19Z,2024-09-10T10:43:21Z,7,马林康的Apple Watch,Apple Watch
2024-09-10T10:43:21Z,2024-09-10T10:43:24Z,8,马林康的Apple Watch,Apple Watch
2024-09-10T10:43:24Z,2024-09-10T10:43:26Z,7,马林康的Apple Watch,Apple Watch
2024-09-10T10:43:26Z,2024-09-10T10:43:29Z,8,马林康的Apple Watch,Apple Watch
2024-09-10T10:43:29Z,2024-09-10T10:43:32Z,7,马林康的Apple Watch,Apple Watch
2024-09-10T10:43:32Z,2024-09-10T10:43:34Z,8,马林康的Apple Watch,Apple Watch
2024-09-10T10:43:34Z,2024-09-10T10:43:37Z,7,马林康的Apple Watch,Apple Watch
2024-09-10T10:43:37Z,2024-09-10T10:43:39Z,8,马林康的Apple Watch,Apple Watch
2024-09-10T10:43:39Z,2024-09-10T10:43:42Z,7,马林康的Apple Watch,Apple Watch
2024-09-10T10:43:42Z,2024-09-10T10:43:44Z,8,马林康的Apple Watch,Apple Watch
2024-09-10T10:43:44Z,2024-09-10T10:43:47Z,7,马林康的Apple Watch,Apple Watch
2024-09-10T10:43:47Z,2024-09-10T10:43:50Z,8,马林康的Apple Watch,Apple Watch
2024-09-10T10:43:50Z,2024-09-10T10:43:52Z,7,马林康的Apple Watch,Apple Watch
2024-09-10T10:43:52Z,2024-09-10T10:43:55Z,8,马林康的Apple Watch,Apple Watch
2024-09-10T10:43:55Z,2024-09-10T10:43:57Z,7,马林康的Apple Watch,Apple Watch
2024-09-10T10:43:57Z,2024-09-10T10:44:00Z,8,马林康的Apple Watch,Apple Watch
2024-09-10T10:44:00Z,2024-09-10T10:44:02Z,7,马林康的Apple Watch,Apple Watch
2024-09-10T10:44:02Z,2024-09-10T10:44:05Z,8,马林康的Apple Watch,Apple Watch
2024-09-10T10:44:05Z,2024-09-10T10:44:08Z,7,马林康的Apple Watch,Apple Watch
2024-09-10T10:44:08Z,2024-09-10T10:44:10Z,8,马林康的Apple Watch,Apple Watch
2024-09-10T10:44:10Z,2024-09-10T10:44:13Z,6,马林康的Apple Watch,Apple Watch
2024-09-10T10:44:13Z,2024-09-10T10:44:15Z,8,马林康的Apple Watch,Apple Watch
2024-09-10T10:44:15Z,2024-09-10T10:44:18Z,7,马林康的Apple Watch,Apple Watch
2024-09-10T10:44:18Z,2024-09-10T10:44:21Z,7,马林康的Apple Watch,Apple Watch
2024-09-10T10:44:21Z,2024-09-10T10:44:23Z,8,马林康的Apple Watch,Apple Watch
2024-09-10T10:44:23Z,2024-09-10T10:44:26Z,7,马林康的Apple Watch,Apple Watch
2024-09-10T10:44:26Z,2024-09-10T10:44:28Z,8,马林康的Apple Watch,Apple Watch
2024-09-10T10:44:28Z,2024-09-10T10:44:31Z,7,马林康的Apple Watch,Apple Watch
2024-09-10T10:44:31Z,2024-09-10T10:44:33Z,8,马林康的Apple Watch,Apple Watch
2024-09-10T10:44:33Z,2024-09-10T10:44:36Z,7,马林康的Apple Watch,Apple Watch
2024-09-10T10:44:36Z,2024-09-10T10:44:39Z,8,马林康的Apple Watch,Apple Watch
2024-09-10T10:44:39Z,2024-09-10T10:44:41Z,7,马林康的Apple Watch,Apple Watch
2024-09-10T10:44:41Z,2024-09-10T10:44:44Z,8,马林康的Apple Watch,Apple Watch
2024-09-10T10:44:44Z,2024-09-10T10:44:46Z,7,马林康的Apple Watch,Apple Watch
2024-09-10T10:44:46Z,2024-09-10T10:44:49Z,8,马林康的Apple Watch,Apple Watch
2024-09-10T10:44:49Z,2024-09-10T10:44:51Z,8,马林康的Apple Watch,Apple Watch
2024-09-10T10:44:51Z,2024-09-10T10:44:54Z,7,马林康的Apple Watch,Apple Watch
2024-09-10T10:44:54Z,2024-09-10T10:44:57Z,8,马林康的Apple Watch,Apple Watch
2024-09-10T10:44:57Z,2024-09-10T10:44:59Z,7,马林康的Apple Watch,Apple Watch
2024-09-10T10:44:59Z,2024-09-10T10:45:02Z,8,马林康的Apple Watch,Apple Watch
2024-09-10T10:45:02Z,2024-09-10T10:45:04Z,7,马林康的Apple Watch,Apple Watch
2024-09-10T10:45:04Z,2024-09-10T10:45:07Z,8,马林康的Apple Watch,Apple Watch
2024-09-10T10:45:07Z,2024-09-10T10:45:10Z,7,马林康的Apple Watch,Apple Watch
2024-09-10T10:45:10Z,2024-09-10T10:45:12Z,8,马林康的Apple Watch,Apple Watch
2024-09-10T10:45:12Z,2024-09-10T10:45:15Z,7,马林康的Apple Watch,Apple Watch
2024-09-10T10:45:15Z,2024-09-10T10:45:17Z,7,马林康的Apple Watch,Apple Watch
2024-09-10T10:45:17Z,2024-09-10T10:45:20Z,8,马林康的Apple Watch,Apple Watch
2024-09-10T10:45:20Z,2024-09-10T10:45:22Z,8,马林康的Apple Watch,Apple Watch
2024-09-10T10:45:22Z,2024-09-10T10:45:25Z,7,马林康的Apple Watch,Apple Watch
2024-09-10T10:45:25Z,2024-09-10T10:45:28Z,8,马林康的Apple Watch,Apple Watch
2024-09-10T10:45:28Z,2024-09-10T10:45:30Z,7,马林康的Apple Watch,Apple Watch
2024-09-10T10:45:30Z,2024-09-10T10:45:33Z,8,马林康的Apple Watch,Apple Watch
2024-09-10T10:45:33Z,2024-09-10T10:45:35Z,7,马林康的Apple Watch,Apple Watch
2024-09-10T10:45:35Z,2024-09-10T10:45:38Z,8,马林康的Apple Watch,Apple Watch
2024-09-10T10:45:38Z,2024-09-10T10:45:40Z,7,马林康的Apple Watch,Apple Watch
2024-09-10T10:45:40Z,2024-09-10T10:45:43Z,8,马林康的Apple Watch,Apple Watch
2024-09-10T10:45:43Z,2024-09-10T10:45:46Z,7,马林康的Apple Watch,Apple Watch
2024-09-10T10:45:46Z,2024-09-10T10:45:48Z,8,马林康的Apple Watch,Apple Watch
2024-09-10T10:45:48Z,2024-09-10T10:45:51Z,7,马林康的Apple Watch,Apple Watch
2024-09-10T10:45:51Z,2024-09-10T10:45:53Z,8,马林康的Apple Watch,Apple Watch
2024-09-10T10:45:53Z,2024-09-10T10:45:56Z,7,马林康的Apple Watch,Apple Watch
2024-09-10T10:45:56Z,2024-09-10T10:45:59Z,7,马林康的Apple Watch,Apple Watch
2024-09-10T10:45:59Z,2024-09-10T10:46:01Z,8,马林康的Apple Watch,Apple Watch
2024-09-10T10:46:01Z,2024-09-10T10:46:04Z,7,马林康的Apple Watch,Apple Watch
2024-09-10T10:46:04Z,2024-09-10T10:46:06Z,8,马林康的Apple Watch,Apple Watch
2024-09-10T10:46:06Z,2024-09-10T10:46:09Z,7,马林康的Apple Watch,Apple Watch
2024-09-10T10:46:09Z,2024-09-10T10:46:11Z,7,马林康的Apple Watch,Apple Watch
2024-09-10T10:46:11Z,2024-09-10T10:46:14Z,7,马林康的Apple Watch,Apple Watch
2024-09-10T10:46:14Z,2024-09-10T10:46:17Z,7,马林康的Apple Watch,Apple Watch
2024-09-10T10:46:17Z,2024-09-10T10:46:19Z,8,马林康的Apple Watch,Apple Watch
2024-09-10T10:46:19Z,2024-09-10T10:46:22Z,7,马林康的Apple Watch,Apple Watch
2024-09-10T10:46:22Z,2024-09-10T10:46:24Z,8,马林康的Apple Watch,Apple Watch
2024-09-10T10:46:24Z,2024-09-10T10:46:27Z,8,马林康的Apple Watch,Apple Watch
2024-09-10T10:46:27Z,2024-09-10T10:46:29Z,7,马林康的Apple Watch,Apple Watch
2024-09-10T10:46:29Z,2024-09-10T10:46:32Z,7,马林康的Apple Watch,Apple Watch
2024-09-10T10:46:32Z,2024-09-10T10:46:35Z,8,马林康的Apple Watch,Apple Watch
2024-09-10T10:46:35Z,2024-09-10T10:46:37Z,7,马林康的Apple Watch,Apple Watch
2024-09-10T10:46:37Z,2024-09-10T10:46:40Z,8,马林康的Apple Watch,Apple Watch
2024-09-10T10:46:40Z,2024-09-10T10:46:42Z,7,马林康的Apple Watch,Apple Watch
2024-09-10T10:46:42Z,2024-09-10T10:46:45Z,8,马林康的Apple Watch,Apple Watch
2024-09-10T10:46:45Z,2024-09-10T10:46:47Z,7,马林康的Apple Watch,Apple Watch
2024-09-10T10:46:47Z,2024-09-10T10:46:50Z,8,马林康的Apple Watch,Apple Watch
2024-09-10T10:46:50Z,2024-09-10T10:46:53Z,7,马林康的Apple Watch,Apple Watch
2024-09-10T10:46:53Z,2024-09-10T10:46:55Z,8,马林康的Apple Watch,Apple Watch
2024-09-10T10:46:55Z,2024-09-10T10:46:58Z,7,马林康的Apple Watch,Apple Watch
2024-09-10T10:46:58Z,2024-09-10T10:47:00Z,7,马林康的Apple Watch,Apple Watch
2024-09-10T10:47:00Z,2024-09-10T10:47:03Z,8,马林康的Apple Watch,Apple Watch
2024-09-10T10:47:03Z,2024-09-10T10:47:06Z,7,马林康的Apple Watch,Apple Watch
2024-09-10T10:47:06Z,2024-09-10T10:47:08Z,8,马林康的Apple Watch,Apple Watch
2024-09-10T10:47:08Z,2024-09-10T10:47:11Z,7,马林康的Apple Watch,Apple Watch
2024-09-10T10:47:11Z,2024-09-10T10:47:13Z,8,马林康的Apple Watch,Apple Watch
2024-09-10T10:47:13Z,2024-09-10T10:47:16Z,7,马林康的Apple Watch,Apple Watch
2024-09-10T10:47:16Z,2024-09-10T10:47:18Z,7,马林康的Apple Watch,Apple Watch
2024-09-10T10:47:18Z,2024-09-10T10:47:21Z,8,马林康的Apple Watch,Apple Watch
2024-09-10T10:47:21Z,2024-09-10T10:47:24Z,7,马林康的Apple Watch,Apple Watch
2024-09-10T10:47:24Z,2024-09-10T10:47:26Z,8,马林康的Apple Watch,Apple Watch
2024-09-10T10:47:26Z,2024-09-10T10:47:29Z,7,马林康的Apple Watch,Apple Watch
2024-09-10T10:47:29Z,2024-09-10T10:47:31Z,8,马林康的Apple Watch,Apple Watch
2024-09-10T10:47:31Z,2024-09-10T10:47:34Z,7,马林康的Apple Watch,Apple Watch
2024-09-10T10:47:34Z,2024-09-10T10:47:36Z,7,马林康的Apple Watch,Apple Watch
2024-09-10T10:47:36Z,2024-09-10T10:47:39Z,7,马林康的Apple Watch,Apple Watch
2024-09-10T10:47:39Z,2024-09-10T10:47:42Z,8,马林康的Apple Watch,Apple Watch
2024-09-10T10:47:42Z,2024-09-10T10:47:44Z,8,马林康的Apple Watch,Apple Watch
2024-09-10T10:47:44Z,2024-09-10T10:47:47Z,7,马林康的Apple Watch,Apple Watch
2024-09-10T10:47:47Z,2024-09-10T10:47:49Z,8,马林康的Apple Watch,Apple Watch
2024-09-10T10:47:49Z,2024-09-10T10:47:52Z,8,马林康的Apple Watch,Apple Watch
2024-09-10T10:47:52Z,2024-09-10T10:47:55Z,7,马林康的Apple Watch,Apple Watch
2024-09-10T10:47:55Z,2024-09-10T10:47:57Z,7,马林康的Apple Watch,Apple Watch
2024-09-10T10:47:57Z,2024-09-10T10:48:00Z,8,马林康的Apple Watch,Apple Watch
2024-09-10T10:48:00Z,2024-09-10T10:48:02Z,7,马林康的Apple Watch,Apple Watch
2024-09-10T10:48:02Z,2024-09-10T10:48:05Z,8,马林康的Apple Watch,Apple Watch
2024-09-10T10:48:05Z,2024-09-10T10:48:07Z,7,马林康的Apple Watch,Apple Watch
2024-09-10T10:48:07Z,2024-09-10T10:48:10Z,8,马林康的Apple Watch,Apple Watch
2024-09-10T10:48:10Z,2024-09-10T10:48:13Z,7,马林康的Apple Watch,Apple Watch
2024-09-10T10:48:13Z,2024-09-10T10:48:15Z,7,马林康的Apple Watch,Apple Watch
2024-09-10T10:48:15Z,2024-09-10T10:48:18Z,8,马林康的Apple Watch,Apple Watch
2024-09-10T10:48:18Z,2024-09-10T10:48:20Z,7,马林康的Apple Watch,Apple Watch
2024-09-10T10:48:20Z,2024-09-10T10:48:23Z,7,马林康的Apple Watch,Apple Watch
2024-09-10T10:48:23Z,2024-09-10T10:48:25Z,8,马林康的Apple Watch,Apple Watch
2024-09-10T10:48:25Z,2024-09-10T10:48:28Z,7,马林康的Apple Watch,Apple Watch
2024-09-10T10:48:28Z,2024-09-10T10:48:31Z,8,马林康的Apple Watch,Apple Watch
2024-09-10T10:48:31Z,2024-09-10T10:48:33Z,7,马林康的Apple Watch,Apple Watch
2024-09-10T10:48:33Z,2024-09-10T10:48:36Z,8,马林康的Apple Watch,Apple Watch
2024-09-10T10:48:36Z,2024-09-10T10:48:38Z,8,马林康的Apple Watch,Apple Watch
2024-09-10T10:48:38Z,2024-09-10T10:48:41Z,7,马林康的Apple Watch,Apple Watch
2024-09-10T10:48:41Z,2024-09-10T10:48:44Z,8,马林康的Apple Watch,Apple Watch
2024-09-10T10:48:44Z,2024-09-10T10:48:46Z,7,马林康的Apple Watch,Apple Watch
2024-09-10T10:48:46Z,2024-09-10T10:48:49Z,8,马林康的Apple Watch,Apple Watch
2024-09-10T10:48:49Z,2024-09-10T10:48:51Z,7,马林康的Apple Watch,Apple Watch
2024-09-10T10:48:51Z,2024-09-10T10:48:54Z,8,马林康的Apple Watch,Apple Watch
2024-09-10T10:48:54Z,2024-09-10T10:48:56Z,7,马林康的Apple Watch,Apple Watch
2024-09-10T10:48:56Z,2024-09-10T10:48:59Z,8,马林康的Apple Watch,Apple Watch
2024-09-10T10:48:59Z,2024-09-10T10:49:02Z,7,马林康的Apple Watch,Apple Watch
2024-09-10T10:49:02Z,2024-09-10T10:49:04Z,8,马林康的Apple Watch,Apple Watch
2024-09-10T10:49:04Z,2024-09-10T10:49:07Z,7,马林康的Apple Watch,Apple Watch
2024-09-10T10:49:07Z,2024-09-10T10:49:09Z,8,马林康的Apple Watch,Apple Watch
2024-09-10T10:49:09Z,2024-09-10T10:49:12Z,7,马林康的Apple Watch,Apple Watch
2024-09-10T10:49:12Z,2024-09-10T10:49:14Z,8,马林康的Apple Watch,Apple Watch
2024-09-10T10:49:14Z,2024-09-10T10:49:17Z,7,马林康的Apple Watch,Apple Watch
2024-09-10T10:49:17Z,2024-09-10T10:49:20Z,8,马林康的Apple Watch,Apple Watch
2024-09-10T10:49:20Z,2024-09-10T10:49:22Z,7,马林康的Apple Watch,Apple Watch
2024-09-10T10:49:22Z,2024-09-10T10:49:25Z,7,马林康的Apple Watch,Apple Watch
2024-09-10T10:49:25Z,2024-09-10T10:49:27Z,7,马林康的Apple Watch,Apple Watch
2024-09-10T10:49:27Z,2024-09-10T10:49:30Z,8,马林康的Apple Watch,Apple Watch
2024-09-10T10:49:30Z,2024-09-10T10:49:33Z,7,马林康的Apple Watch,Apple Watch
2024-09-10T10:49:33Z,2024-09-10T10:49:35Z,7,马林康的Apple Watch,Apple Watch
2024-09-10T10:49:35Z,2024-09-10T10:49:38Z,8,马林康的Apple Watch,Apple Watch
2024-09-10T10:49:38Z,2024-09-10T10:49:40Z,7,马林康的Apple Watch,Apple Watch
2024-09-10T10:49:40Z,2024-09-10T10:49:43Z,8,马林康的Apple Watch,Apple Watch
2024-09-10T10:49:43Z,2024-09-10T10:49:45Z,7,马林康的Apple Watch,Apple Watch
2024-09-10T10:49:45Z,2024-09-10T10:49:48Z,8,马林康的Apple Watch,Apple Watch
2024-09-10T10:49:48Z,2024-09-10T10:49:51Z,7,马林康的Apple Watch,Apple Watch
2024-09-10T10:49:51Z,2024-09-10T10:49:53Z,7,马林康的Apple Watch,Apple Watch
2024-09-10T10:50:29Z,2024-09-10T10:50:32Z,11,马林康的Apple Watch,Apple Watch
2024-09-10T10:50:32Z,2024-09-10T10:50:34Z,8,马林康的Apple Watch,Apple Watch
2024-09-10T10:50:34Z,2024-09-10T10:50:37Z,7,马林康的Apple Watch,Apple Watch
2024-09-10T10:50:37Z,2024-09-10T10:50:39Z,8,马林康的Apple Watch,Apple Watch
2024-09-10T10:50:39Z,2024-09-10T10:50:42Z,8,马林康的Apple Watch,Apple Watch
2024-09-10T10:50:42Z,2024-09-10T10:50:45Z,7,马林康的Apple Watch,Apple Watch
2024-09-10T10:50:45Z,2024-09-10T10:50:47Z,8,马林康的Apple Watch,Apple Watch
2024-09-10T10:50:47Z,2024-09-10T10:50:50Z,7,马林康的Apple Watch,Apple Watch
2024-09-10T10:50:50Z,2024-09-10T10:50:52Z,8,马林康的Apple Watch,Apple Watch
2024-09-10T10:50:52Z,2024-09-10T10:50:55Z,8,马林康的Apple Watch,Apple Watch
2024-09-10T10:50:55Z,2024-09-10T10:50:57Z,7,马林康的Apple Watch,Apple Watch
2024-09-10T10:50:57Z,2024-09-10T10:51:00Z,8,马林康的Apple Watch,Apple Watch
2024-09-10T10:51:00Z,2024-09-10T10:51:03Z,7,马林康的Apple Watch,Apple Watch
2024-09-10T10:51:03Z,2024-09-10T10:51:05Z,8,马林康的Apple Watch,Apple Watch
2024-09-10T10:51:05Z,2024-09-10T10:51:08Z,7,马林康的Apple Watch,Apple Watch
2024-09-10T10:51:08Z,2024-09-10T10:51:10Z,8,马林康的Apple Watch,Apple Watch
2024-09-10T10:51:10Z,2024-09-10T10:51:13Z,7,马林康的Apple Watch,Apple Watch
2024-09-10T10:51:13Z,2024-09-10T10:51:15Z,8,马林康的Apple Watch,Apple Watch
2024-09-10T10:51:15Z,2024-09-10T10:51:18Z,6,马林康的Apple Watch,Apple Watch
2024-09-10T10:51:18Z,2024-09-10T10:51:21Z,6,马林康的Apple Watch,Apple Watch
2024-09-10T10:51:21Z,2024-09-10T10:51:23Z,6,马林康的Apple Watch,Apple Watch
2024-09-10T10:51:23Z,2024-09-10T10:51:26Z,7,马林康的Apple Watch,Apple Watch
2024-09-10T10:51:26Z,2024-09-10T10:51:28Z,8,马林康的Apple Watch,Apple Watch
2024-09-10T10:51:28Z,2024-09-10T10:51:31Z,7,马林康的Apple Watch,Apple Watch
2024-09-10T10:51:31Z,2024-09-10T10:51:34Z,7,马林康的Apple Watch,Apple Watch
2024-09-10T10:51:34Z,2024-09-10T10:51:36Z,5,马林康的Apple Watch,Apple Watch
2024-09-10T10:51:36Z,2024-09-10T10:51:39Z,7,马林康的Apple Watch,Apple Watch
2024-09-10T10:51:39Z,2024-09-10T10:51:41Z,7,马林康的Apple Watch,Apple Watch
2024-09-10T10:51:41Z,2024-09-10T10:51:44Z,6,马林康的Apple Watch,Apple Watch
2024-09-10T10:51:44Z,2024-09-10T10:51:46Z,8,马林康的Apple Watch,Apple Watch
2024-09-10T10:51:46Z,2024-09-10T10:51:49Z,8,马林康的Apple Watch,Apple Watch
2024-09-10T10:51:49Z,2024-09-10T10:51:52Z,7,马林康的Apple Watch,Apple Watch
2024-09-10T10:51:52Z,2024-09-10T10:51:54Z,7,马林康的Apple Watch,Apple Watch
2024-09-10T10:51:54Z,2024-09-10T10:51:57Z,7,马林康的Apple Watch,Apple Watch
2024-09-10T10:51:57Z,2024-09-10T10:51:59Z,8,马林康的Apple Watch,Apple Watch
2024-09-10T10:51:59Z,2024-09-10T10:52:02Z,7,马林康的Apple Watch,Apple Watch
2024-09-10T10:52:02Z,2024-09-10T10:52:04Z,8,马林康的Apple Watch,Apple Watch
2024-09-10T10:52:04Z,2024-09-10T10:52:07Z,8,马林康的Apple Watch,Apple Watch
2024-09-10T10:52:07Z,2024-09-10T10:52:10Z,8,马林康的Apple Watch,Apple Watch
2024-09-10T10:52:10Z,2024-09-10T10:52:12Z,8,马林康的Apple Watch,Apple Watch
2024-09-10T10:52:12Z,2024-09-10T10:52:15Z,7,马林康的Apple Watch,Apple Watch
2024-09-10T10:52:15Z,2024-09-10T10:52:17Z,8,马林康的Apple Watch,Apple Watch
2024-09-10T10:52:17Z,2024-09-10T10:52:20Z,8,马林康的Apple Watch,Apple Watch
2024-09-10T10:52:20Z,2024-09-10T10:52:22Z,6,马林康的Apple Watch,Apple Watch
2024-09-10T10:52:22Z,2024-09-10T10:52:25Z,8,马林康的Apple Watch,Apple Watch
2024-09-10T10:52:25Z,2024-09-10T10:52:28Z,8,马林康的Apple Watch,Apple Watch
2024-09-10T10:52:28Z,2024-09-10T10:52:30Z,7,马林康的Apple Watch,Apple Watch
2024-09-10T10:52:30Z,2024-09-10T10:52:33Z,7,马林康的Apple Watch,Apple Watch
2024-09-10T10:52:33Z,2024-09-10T10:52:35Z,7,马林康的Apple Watch,Apple Watch
2024-09-10T10:52:35Z,2024-09-10T10:52:38Z,8,马林康的Apple Watch,Apple Watch
2024-09-10T10:52:38Z,2024-09-10T10:52:41Z,8,马林康的Apple Watch,Apple Watch
2024-09-10T10:52:41Z,2024-09-10T10:52:43Z,7,马林康的Apple Watch,Apple Watch
2024-09-10T10:52:43Z,2024-09-10T10:52:46Z,8,马林康的Apple Watch,Apple Watch
2024-09-10T10:52:46Z,2024-09-10T10:52:48Z,8,马林康的Apple Watch,Apple Watch
2024-09-10T10:52:48Z,2024-09-10T10:52:51Z,7,马林康的Apple Watch,Apple Watch
2024-09-10T10:52:51Z,2024-09-10T10:52:53Z,8,马林康的Apple Watch,Apple Watch
2024-09-10T10:52:53Z,2024-09-10T10:52:56Z,7,马林康的Apple Watch,Apple Watch
2024-09-10T10:52:56Z,2024-09-10T10:52:59Z,8,马林康的Apple Watch,Apple Watch
2024-09-10T10:52:59Z,2024-09-10T10:53:01Z,8,马林康的Apple Watch,Apple Watch
2024-09-10T10:53:01Z,2024-09-10T10:53:04Z,7,马林康的Apple Watch,Apple Watch
2024-09-10T10:53:04Z,2024-09-10T10:53:06Z,7,马林康的Apple Watch,Apple Watch
2024-09-10T10:53:06Z,2024-09-10T10:53:09Z,7,马林康的Apple Watch,Apple Watch
2024-09-10T10:53:09Z,2024-09-10T10:53:11Z,8,马林康的Apple Watch,Apple Watch
2024-09-10T10:53:11Z,2024-09-10T10:53:14Z,7,马林康的Apple Watch,Apple Watch
2024-09-10T10:53:14Z,2024-09-10T10:53:17Z,8,马林康的Apple Watch,Apple Watch
2024-09-10T10:53:17Z,2024-09-10T10:53:19Z,7,马林康的Apple Watch,Apple Watch
2024-09-10T10:53:19Z,2024-09-10T10:53:22Z,8,马林康的Apple Watch,Apple Watch
2024-09-10T10:53:22Z,2024-09-10T10:53:24Z,7,马林康的Apple Watch,Apple Watch
2024-09-10T10:53:24Z,2024-09-10T10:53:27Z,7,马林康的Apple Watch,Apple Watch
2024-09-10T10:53:27Z,2024-09-10T10:53:30Z,7,马林康的Apple Watch,Apple Watch
