UUID,Start Date,End Date,Type,Name,Duration,Distance,Elevation Ascended,Flights Climbed,Swim Strokes,Total Energy
93d14ea9-10e6-4431-b031-4e7e91b7a0e4,2024-01-01T07:00:45Z,2024-01-01T07:42:43Z,37,Running,2518.000,5594.16,0,0,0,486.94
2ed191ac-b5d2-4ac5-8018-cb6b25f48a52,2024-01-01T07:05:06Z,2024-01-01T08:15:47Z,37,Running,3726.875,10037.02,0,0,0,655.90
851800f5-bd0e-4c91-978f-cbb94cd0fbd6,2024-01-01T07:48:10Z,2024-01-01T08:21:40Z,37,Running,2010.000,4888.41,0,0,0,421.42
20f4bf99-db0b-47ee-9646-f94237e549fe,2024-01-02T13:30:58Z,2024-01-02T13:43:47Z,52,Walking,769.000,513.64,0,0,0,39.04
1e4b8a03-7cf2-492a-ab85-49040b3dd774,2024-01-03T09:52:35Z,2024-01-03T10:42:12Z,37,Running,2977.000,8400.53,0,0,0,713.87
437ef521-d2e1-49f3-bc0e-7abbc285cf85,2024-01-03T09:52:22Z,2024-01-03T10:47:34Z,37,Running,2920.482,8374.85,0,0,0,518.59
f67318cb-f719-4e67-863b-bdf1e9e31f6a,2024-01-05T09:56:43Z,2024-01-05T10:46:39Z,37,Running,2987.816,8319.70,0,0,0,517.61
edd0c2b7-ebcd-4a48-af33-a03ea1255a3f,2024-01-05T22:35:48Z,2024-01-05T23:21:58Z,37,Running,2768.332,8434.68,0,0,0,524.09
666392a9-a717-4157-b548-0e8f09db177f,2024-01-06T01:03:05Z,2024-01-06T01:44:13Z,52,Walking,2468.000,1882.50,0,0,0,135.45
b807dee4-f261-4318-b114-d3232b70a814,2024-01-06T03:40:24Z,2024-01-06T04:11:02Z,52,Walking,1838.000,1498.44,0,0,0,105.10
1d6a5ff1-bde5-476b-a2f1-221336194b3c,2024-01-08T09:59:46Z,2024-01-08T10:52:11Z,37,Running,3045.386,8355.53,0,0,0,523.88
53cdc8c1-295c-46dd-b3e1-0d5bfe93254d,2024-01-08T09:58:59Z,2024-01-08T10:56:08Z,37,Running,3429.000,8442.18,0,0,0,726.83
5f18c220-2f86-490b-9143-d74760a492c6,2024-01-10T09:54:29Z,2024-01-10T10:42:19Z,37,Running,2802.557,8307.28,0,0,0,521.65
26c06af1-28be-4032-926b-e3a73e406f30,2024-01-10T09:42:35Z,2024-01-10T10:57:28Z,37,Running,4493.000,8656.47,0,0,0,766.39
b8e657d7-a925-4b8a-8b45-5fa5958986b6,2024-01-12T21:58:03Z,2024-01-12T22:13:52Z,52,Walking,949.000,682.59,0,0,0,50.28
6f40cf5f-ae5e-422a-8710-834b0577c9ab,2024-01-12T23:02:50Z,2024-01-12T23:16:53Z,52,Walking,843.000,579.64,0,0,0,43.48
5de1023a-946d-41ee-bde2-cce6aca4c99b,2024-01-13T00:28:03Z,2024-01-13T01:10:47Z,52,Walking,2564.000,1997.82,0,0,0,142.55
e8d26d3a-5109-43c5-b336-efca2ac9ed07,2024-01-13T03:33:58Z,2024-01-13T04:22:42Z,52,Walking,2924.000,2398.74,0,0,0,167.83
e8b29dc7-0d57-4938-9752-f557ecc07a98,2024-01-14T09:26:48Z,2024-01-14T10:16:07Z,37,Running,2956.458,8316.25,0,0,0,524.04
744abf3d-3861-47c1-aef7-fb68afa895d2,2024-01-15T09:49:22Z,2024-01-15T10:38:15Z,37,Running,2907.318,8353.61,0,0,0,530.19
1e3b484d-16f0-421b-ad42-2511e5735a3c,2024-01-19T02:25:24Z,2024-01-19T02:40:57Z,52,Walking,933.000,489.56,0,0,0,41.50
fc14ab1b-78b5-4f58-91f8-e795a07954b4,2024-01-19T03:29:05Z,2024-01-19T03:53:35Z,52,Walking,1470.000,624.76,0,0,0,59.01
ec5b1826-bf28-4072-be8e-763ad85791fe,2024-01-19T09:49:51Z,2024-01-19T10:39:58Z,37,Running,3007.000,8404.08,0,0,0,800.29
ce7ba0aa-c72f-4157-9e7a-86f96ad3f27a,2024-01-19T09:36:31Z,2024-01-19T10:41:37Z,37,Running,3906.000,8483.08,0,0,0,740.31
d23eed04-fc21-4881-8ae2-09c3a7988437,2024-01-21T09:03:50Z,2024-01-21T09:51:28Z,37,Running,2854.206,8324.11,4.93,0,0,525.30
035ec353-4928-47bd-a668-6a3a2026695f,2024-01-21T08:59:19Z,2024-01-21T09:57:42Z,37,Running,3503.000,8681.19,0,0,0,746.93
f2c5bd92-499d-4cab-aab7-943091a28d39,2024-01-22T09:52:32Z,2024-01-22T10:42:13Z,37,Running,2934.129,8290.60,0,0,0,519.16
487fb9f5-a204-41f6-8579-2d370cc98860,2024-01-22T09:39:49Z,2024-01-22T10:44:34Z,37,Running,3885.000,8495.34,0,0,0,740.80
ff5f5876-3423-4cbb-900c-d81a87efc240,2024-01-27T23:46:07Z,2024-01-28T00:22:19Z,37,Running,2172.051,6492.35,0,0,0,418.99
2d1f5129-5846-4cbd-8b46-d0c6079c570c,2024-01-28T02:18:31Z,2024-01-28T03:24:59Z,52,Walking,3988.000,1714.21,0,0,0,160.90
f5f3c20e-b2d0-4c45-a0d2-f85ba9f6b9f8,2024-01-28T06:25:44Z,2024-01-28T06:39:28Z,52,Walking,824.000,418.02,0,0,0,36.03
ea8e91e4-aa57-4d70-a31c-3845fe4cc5dc,2024-01-28T08:24:37Z,2024-01-28T08:51:24Z,52,Walking,1607.000,636.86,0,0,0,62.48
b919fda2-e7de-4b8c-9fe7-fba4360502ee,2024-01-29T12:14:39Z,2024-01-29T12:29:06Z,37,Running,867.431,2021.14,5.54,0,0,125.74
f4b1e672-5945-4d37-b132-733ec45eb354,2024-01-29T12:14:42Z,2024-01-29T12:48:32Z,52,Walking,2030.000,2349.76,0,0,0,146.41
437d0676-590b-400a-a124-4b342fcefaf2,2024-01-31T09:48:35Z,2024-01-31T10:36:05Z,37,Running,2849.450,8275.90,4.04,0,0,529.98
8e0c6709-c055-47f6-aff2-d44e810f8344,2024-02-02T09:45:24Z,2024-02-02T10:32:10Z,37,Running,2803.405,8314.72,0,0,0,523.12
56920b9e-2ea9-42ce-8148-7b59367446b1,2024-02-05T10:01:16Z,2024-02-05T10:47:32Z,37,Running,2744.145,8403.83,0,0,0,526.40
5a4891bd-a1c4-4a7d-9d0e-cf60dda798c4,2024-02-07T09:48:21Z,2024-02-07T10:33:59Z,37,Running,2681.216,8230.41,0,0,0,516.44
ed3f976b-049a-4c78-aa27-0ddd48971f3e,2024-02-11T01:27:51Z,2024-02-11T02:21:59Z,52,Walking,3248.000,1918.29,0,0,0,147.62
8af00cb0-2544-4201-9846-84722237b404,2024-02-11T03:20:16Z,2024-02-11T03:35:45Z,52,Walking,929.000,436.53,0,0,0,37.53
ce1649ff-f15b-4acb-9712-acfc50aa4b60,2024-02-11T04:35:15Z,2024-02-11T05:15:57Z,52,Walking,2442.000,1436.74,0,0,0,110.76
abff344c-fc83-4940-8097-82e3872ea339,2024-02-11T05:17:57Z,2024-02-11T06:11:11Z,52,Walking,3194.000,2552.98,0,0,0,173.09
fc68cf43-601e-4411-ac62-b3eaf9343217,2024-02-11T06:18:15Z,2024-02-11T06:46:24Z,52,Walking,1689.000,1029.63,0,0,0,78.10
106351a6-8e86-4f3c-a98b-c7693799be12,2024-02-11T09:27:40Z,2024-02-11T10:05:18Z,52,Walking,2258.000,1969.05,0,0,0,129.23
a477f840-370d-49f9-a80a-2b34db83dbf8,2024-02-13T10:36:56Z,2024-02-13T10:56:53Z,52,Walking,1197.000,679.00,0,0,0,53.23
5afb80aa-5911-441c-a964-41d71e993d2a,2024-02-14T06:08:29Z,2024-02-14T08:13:02Z,37,Running,7302.736,21125.91,16.29,0,0,1333.54
57a47155-e429-4c30-831a-238b01a10ce6,2024-02-19T09:54:23Z,2024-02-19T10:46:41Z,37,Running,2999.247,8367.51,2.75,0,0,525.47
29a9f3da-f5c9-4328-bea0-5c2cda0e2b2a,2024-02-21T00:10:34Z,2024-02-21T00:34:33Z,52,Walking,1439.000,1315.30,0,0,0,87.29
7104d247-37bf-4261-be45-de23e6ccfc3b,2024-02-21T00:42:07Z,2024-02-21T01:06:22Z,52,Walking,1455.000,1495.83,0,0,0,95.41
e8871ad8-3bae-47ca-8330-ae5d5b7b164b,2024-02-21T12:41:02Z,2024-02-21T13:10:16Z,52,Walking,1754.000,1457.07,0,0,0,100.11
e51f9645-0ba0-41c2-9fed-10964d5e3707,2024-02-21T13:16:03Z,2024-02-21T13:41:35Z,52,Walking,1532.000,1347.32,0,0,0,90.64
b9326073-fb4e-491a-b344-176bea4e5802,2024-02-21T13:51:20Z,2024-02-21T14:11:56Z,52,Walking,1236.000,509.94,0,0,0,48.27
e61dad47-3456-491d-9a9d-57c2308027f9,2024-02-22T00:23:34Z,2024-02-22T01:11:29Z,52,Walking,2875.000,1967.50,0,0,0,145.95
36e66f13-6dea-4e49-b2a5-44599c021904,2024-02-22T01:47:30Z,2024-02-22T02:23:51Z,52,Walking,2181.000,2088.26,0,0,0,136.39
b8165ed2-ac1c-4001-bce9-3e53f71a18c4,2024-02-22T10:11:24Z,2024-02-22T10:57:04Z,37,Running,2735.021,8169.68,0,0,0,511.59
52fab8b3-a696-469e-bb55-a44738e85041,2024-02-23T10:15:05Z,2024-02-23T11:03:39Z,37,Running,2855.386,8233.30,0,0,0,513.00
d2a9358d-d093-4401-b387-b2f2d04a3fd9,2024-02-24T13:27:45Z,2024-02-24T14:00:55Z,52,Walking,1990.000,977.46,0,0,0,84.46
070c4c61-e9db-443d-9270-2e93d49f146a,2024-02-24T14:04:42Z,2024-02-24T14:25:47Z,52,Walking,1265.000,463.47,0,0,0,46.90
5bf413ab-29ef-4df7-8b3d-392c8d348722,2024-02-25T02:03:51Z,2024-02-25T02:19:48Z,52,Walking,957.000,511.28,0,0,0,42.41
b4da0be6-5f50-4859-b61c-9f73dd96120f,2024-02-25T12:33:13Z,2024-02-25T12:40:08Z,37,Running,415.122,1092.91,0,0,0,69.77
3ef4f239-b12d-4928-a23b-d0e85ad1f570,2024-02-25T13:00:25Z,2024-02-25T13:20:47Z,52,Walking,1222.000,1177.65,0,0,0,76.74
40d830a7-d92f-44ff-bf95-65cfb2693211,2024-02-26T09:53:26Z,2024-02-26T10:41:43Z,37,Running,2870.305,8385.41,0,0,0,525.79
19e6a819-4a72-4166-8e34-e69d5be62e40,2024-02-28T10:15:56Z,2024-02-28T11:04:30Z,37,Running,2900.734,8265.30,0,0,0,516.94
8582e5c3-11a7-462e-b923-761885727dbc,2024-03-01T09:57:48Z,2024-03-01T10:47:31Z,37,Running,2942.419,8269.55,0,0,0,521.90
19748157-409b-4b2b-9e39-10335efb087e,2024-03-03T00:26:09Z,2024-03-03T00:37:18Z,52,Walking,669.000,515.54,0,0,0,35.45
5f1711c1-a48a-463e-8204-3f4baa9298ea,2024-03-03T00:40:22Z,2024-03-03T01:05:34Z,52,Walking,1512.000,762.53,0,0,0,63.25
a2136f39-d336-4e5a-860c-890a2525c754,2024-03-03T01:50:07Z,2024-03-03T02:15:16Z,52,Walking,1509.000,765.87,0,0,0,63.34
0fc49d3f-55ff-4a5d-b4c3-3d18f2365192,2024-03-03T02:32:18Z,2024-03-03T04:25:21Z,52,Walking,6783.000,2232.58,0,0,0,234.00
88018a1b-6fdb-4f94-973e-017a481a676c,2024-03-03T09:05:17Z,2024-03-03T09:54:33Z,37,Running,2902.432,8103.97,2.03,0,0,514.36
66524e19-8aa9-4807-bc1d-a3102e14b742,2024-03-04T10:10:00Z,2024-03-04T10:56:50Z,37,Running,2756.977,8416.56,0,0,0,537.25
33bdb888-41d0-4343-b8d5-06c4ad258c07,2024-03-07T14:54:53Z,2024-03-07T15:09:15Z,37,Running,856.002,2133.59,0,0,0,137.93
9ef435cf-f500-42c1-8f40-1cddd341c12d,2024-03-07T14:54:59Z,2024-03-07T15:11:13Z,37,Running,974.000,2211.03,0,0,0,186.80
7a7a3820-df98-4a84-ac74-ba71b244a4ec,2024-03-08T10:13:42Z,2024-03-08T11:02:48Z,37,Running,2933.863,8269.29,0,0,0,536.82
8e1c6d70-a98d-43dd-845f-22c366a5f1eb,2024-03-08T10:13:48Z,2024-03-08T11:04:35Z,37,Running,3047.000,8305.19,0,0,0,688.86
27f1c0a6-cd56-4ac1-a2d3-03604fa7e93f,2024-03-09T04:47:04Z,2024-03-09T05:11:04Z,52,Walking,1440.000,632.58,0,0,0,57.10
00b3b5ad-7adb-4a46-82d7-627385274546,2024-03-09T12:16:51Z,2024-03-09T12:58:56Z,52,Walking,2525.000,987.19,0,0,0,94.96
45b66a37-1222-4029-baaf-8025ed0afd63,2024-03-09T23:13:30Z,2024-03-10T00:12:45Z,37,Running,3554.861,10080.83,0,0,0,644.44
cd655f56-a09e-46e2-a86e-1a9c55b64a2e,2024-03-10T01:15:05Z,2024-03-10T02:04:00Z,52,Walking,2935.000,1759.11,0,0,0,136.37
8fc34fe7-e508-4cf8-a16b-7a58b829f26e,2024-03-11T10:15:06Z,2024-03-11T11:03:02Z,37,Running,2807.253,8208.80,0,0,0,531.07
53af674d-1d4e-4802-af50-94fc4cfb4851,2024-03-12T10:06:45Z,2024-03-12T10:36:19Z,37,Running,1771.383,5030.82,0,0,0,327.73
0e34b270-a0f5-4ecf-900d-941be04426be,2024-03-12T10:05:18Z,2024-03-12T10:44:02Z,37,Running,2324.000,5500.29,0,0,0,469.07
6e5451fd-65e6-4db3-bf5d-a7e11293183e,2024-03-13T10:13:39Z,2024-03-13T11:00:39Z,37,Running,2737.603,8346.62,0,0,0,539.75
57830a69-11bf-4780-9130-cad1771fe0c1,2024-03-16T07:49:04Z,2024-03-16T08:48:24Z,52,Walking,3560.000,2328.36,0,0,0,176.07
16070cf9-22ad-4602-bd3a-f4eccd72698e,2024-03-16T10:14:56Z,2024-03-16T11:26:39Z,52,Walking,4303.000,2954.37,0,0,0,218.87
3aa798d8-d9dc-4f5b-be56-0ce600c88904,2024-03-16T13:10:15Z,2024-03-16T13:29:20Z,52,Walking,1145.000,442.03,0,0,0,43.40
bcce71ef-afe0-439a-9680-0a253d6684de,2024-03-16T13:33:57Z,2024-03-16T13:47:13Z,37,Running,796.401,2123.72,0.36,0,0,137.91
405c0b30-8e14-41fd-a473-bfb5a9a36504,2024-03-17T02:45:38Z,2024-03-17T03:06:43Z,52,Walking,1265.000,686.93,0,0,0,56.51
9da3f4c7-ce02-4de8-ba43-7cf4afe91405,2024-03-17T03:18:19Z,2024-03-17T04:56:10Z,52,Walking,5871.000,3921.26,0,0,0,293.90
f78f6654-ed09-4eb2-8244-573bccfd6534,2024-03-17T05:24:16Z,2024-03-17T06:40:55Z,52,Walking,4599.000,3591.46,0,0,0,252.60
fdaf11b8-dbf6-4e01-8ff0-a02a57ecb8b4,2024-03-17T12:51:26Z,2024-03-17T13:09:32Z,37,Running,1085.768,3073.82,0,0,0,194.88
bc5c647d-97df-4b97-82a9-adc3b79cdb84,2024-03-18T10:21:10Z,2024-03-18T11:08:46Z,37,Running,2856.656,8316.66,6.45,0,0,542.13
550356c7-acf9-4a9d-a358-98f7a909e35a,2024-03-19T10:14:11Z,2024-03-19T10:43:51Z,37,Running,1770.378,5028.18,2.01,0,0,319.85
9411afdd-33e4-4018-9450-38467fcc612a,2024-03-20T10:22:57Z,2024-03-20T11:11:34Z,37,Running,2862.244,8260.03,0,0,0,534.56
1a5dc39b-c9d9-4da0-b45a-c7bdfe16c163,2024-03-20T10:22:56Z,2024-03-20T11:12:51Z,37,Running,2995.000,8552.39,0,0,0,716.19
142752e1-0084-4d7e-83ea-55973819c3ab,2024-03-22T10:19:08Z,2024-03-22T11:04:40Z,37,Running,2692.755,8115.70,0,0,0,516.46
3e5837ed-4f5b-4f64-8326-4465a7d06a92,2024-03-22T10:05:19Z,2024-03-22T11:08:31Z,37,Running,3792.000,8433.95,0,0,0,724.13
65a40d9c-3643-4059-8716-91efb5c738e0,2024-03-23T01:39:39Z,2024-03-23T02:24:31Z,52,Walking,2692.000,2219.80,0,0,0,152.91
280029af-e9f3-400f-8502-a8c15275ad8c,2024-03-23T03:11:05Z,2024-03-23T03:47:12Z,52,Walking,2167.000,1435.94,0,0,0,107.99
1415569f-01bc-4713-a778-d78eb404a3eb,2024-03-23T04:39:40Z,2024-03-23T05:24:58Z,52,Walking,2718.000,1261.26,0,0,0,112.20
5ae9864d-aa88-4ced-90ea-5aa84c87976e,2024-03-23T06:44:41Z,2024-03-23T07:19:57Z,52,Walking,2116.000,868.89,0,0,0,82.48
4a81d801-9d58-4347-a3b1-647a6edfeedb,2024-03-23T07:22:03Z,2024-03-23T08:11:08Z,52,Walking,2945.000,2018.17,0,0,0,149.63
a7b83860-93db-478f-b394-ed29b41a6ca1,2024-03-23T10:44:54Z,2024-03-23T11:14:21Z,52,Walking,1767.000,1755.04,0,0,0,113.22
7f2d4d06-7ebf-421a-bdf2-e67f6f32c52b,2024-03-23T11:18:19Z,2024-03-23T11:29:43Z,52,Walking,684.000,517.27,0,0,0,36.86
5b1fec68-9340-4672-85bd-bf19c6cdc492,2024-03-24T10:18:55Z,2024-03-24T10:41:22Z,52,Walking,1347.000,460.47,0,0,0,48.50
7b47f1d2-4b12-4fc4-85aa-c27ec3fe66a7,2024-03-25T10:18:46Z,2024-03-25T11:08:34Z,37,Running,2909.778,8341.54,0,0,0,536.49
fe455958-3909-4da4-8332-da79b4181d4d,2024-03-28T10:06:08Z,2024-03-28T10:38:17Z,37,Running,1893.372,5019.44,4.68,0,0,325.74
bc869e3f-fe57-48f5-b516-bf4bc2bc920f,2024-03-28T10:02:03Z,2024-03-28T10:43:32Z,37,Running,2489.000,5328.13,0,0,0,459.46
d6141383-bfc8-45a7-b99c-d3139028ac4d,2024-03-29T10:15:14Z,2024-03-29T11:05:26Z,37,Running,2969.181,8206.88,0,0,0,523.71
92116467-ec1a-4d31-a3be-38f44b30d8a3,2024-03-30T03:28:20Z,2024-03-30T03:56:50Z,52,Walking,1710.000,723.21,0,0,0,67.56
7819883f-1c42-4720-b22d-ede01fcfd1e3,2024-03-30T04:05:50Z,2024-03-30T05:06:00Z,52,Walking,3610.000,1370.83,0,0,0,135.89
ad7ae58d-b1bf-4a86-8fac-c459dffca6a2,2024-03-30T05:48:29Z,2024-03-30T06:27:53Z,52,Walking,2364.000,1968.18,0,0,0,135.12
335718eb-a335-4453-8b4c-13a0b45b83b4,2024-03-30T07:42:32Z,2024-03-30T09:06:56Z,52,Walking,5064.000,3086.97,0,0,0,240.79
800b68fd-8932-4ded-81b1-a70ab58a1bc2,2024-03-30T10:34:44Z,2024-03-30T10:45:51Z,52,Walking,667.000,752.11,0,0,0,46.59
0d8a668f-7aff-4407-994b-6f26aa079d21,2024-03-30T11:04:07Z,2024-03-30T12:28:05Z,52,Walking,5038.000,2853.82,0,0,0,230.19
c64fc4c1-fbba-4be5-9f54-bbbd5c82eaac,2024-03-30T13:22:43Z,2024-03-30T13:36:26Z,52,Walking,823.000,537.70,0,0,0,40.67
1304399d-b96a-45fe-985d-a49ac645e9f8,2024-03-30T14:00:16Z,2024-03-30T15:52:34Z,52,Walking,6738.000,4251.62,0,0,0,326.58
c03e47f5-a2b1-4d8b-a28a-d06d9adbbbf7,2024-03-31T02:18:20Z,2024-03-31T02:50:26Z,52,Walking,1926.000,598.43,0,0,0,66.78
d40fcca7-65b0-465b-935b-9dfc82f4d827,2024-03-31T08:38:52Z,2024-03-31T09:07:43Z,52,Walking,1731.000,1146.75,0,0,0,86.23
deb11e3f-2979-4543-ac48-9392ae587a57,2024-03-31T09:16:33Z,2024-03-31T10:32:27Z,52,Walking,4554.000,2780.65,0,0,0,216.74
b2bd9265-0841-4d78-9c4f-475751acbc21,2024-04-01T10:10:31Z,2024-04-01T11:01:20Z,37,Running,2956.539,8319.50,0,0,0,530.82
24e61a41-e1e6-43d7-9b44-f7031c763d71,2024-04-04T01:48:29Z,2024-04-04T03:02:04Z,52,Walking,4415.000,2455.48,0,0,0,199.78
ffdd9f1b-601e-4346-9ef7-90b8af6237c7,2024-04-04T03:41:42Z,2024-04-04T04:03:13Z,52,Walking,1291.000,870.55,0,0,0,64.98
a1f4314f-a332-4e7a-9a51-5ce4ae4e3389,2024-04-04T04:26:07Z,2024-04-04T05:15:29Z,37,Running,2935.091,8023.01,0,0,0,502.69
757cdb69-0e93-4e66-aaba-145a2f065e8f,2024-04-04T04:21:02Z,2024-04-04T05:23:44Z,37,Running,3762.000,8338.58,0,0,0,716.21
24c2bbf0-76e7-4bab-ba99-19b7f98656aa,2024-04-04T07:04:51Z,2024-04-04T07:44:03Z,52,Walking,2352.000,2130.56,0,0,0,141.85
a4b8df16-86a9-4890-b923-624b047bbc9a,2024-04-04T08:27:49Z,2024-04-04T09:19:32Z,52,Walking,3103.000,1402.13,0,0,0,126.46
b0efda68-3df3-44f5-ace5-e0a1085e965a,2024-04-04T10:01:47Z,2024-04-04T10:25:37Z,52,Walking,1430.000,533.44,0,0,0,53.42
f3b8f95a-bb2b-4151-8aab-9c898a1be972,2024-04-04T11:29:31Z,2024-04-04T12:09:30Z,52,Walking,2399.000,2318.11,0,0,0,150.90
df9352d0-4c49-4643-a4fb-2d808cb86178,2024-04-05T02:40:31Z,2024-04-05T03:03:43Z,52,Walking,1392.000,802.93,0,0,0,64.22
1995d065-4857-4220-977a-ce910d049d81,2024-04-05T03:18:32Z,2024-04-05T03:50:54Z,52,Walking,1942.000,1638.20,0,0,0,111.92
0a61a3fb-0425-4980-ad78-75f27b6b8379,2024-04-05T04:02:39Z,2024-04-05T04:27:47Z,52,Walking,1508.000,795.15,0,0,0,66.37
ab9beff0-d8ab-48ef-81be-2d4401aea495,2024-04-05T06:00:29Z,2024-04-05T06:44:19Z,52,Walking,2630.000,2381.38,0,0,0,158.56
2116ca25-0719-4547-a67c-411d9b698292,2024-04-05T10:01:56Z,2024-04-05T10:46:15Z,52,Walking,2659.000,2394.48,0,0,0,159.74
30b4c61f-e008-4785-9933-8676bccb4c0e,2024-04-05T10:49:29Z,2024-04-05T10:58:59Z,52,Walking,570.000,488.58,0,0,0,33.19
5b8b6b6f-c158-4365-ad67-537e1805fb9d,2024-04-05T12:48:25Z,2024-04-05T13:38:35Z,52,Walking,3010.000,3112.95,0,0,0,198.17
7db4cf04-e105-4f98-a744-8b58ffc32f48,2024-04-06T11:01:38Z,2024-04-06T11:27:35Z,37,Running,1557.000,2975.43,0,0,0,260.15
c49a31d6-4ffe-4e46-8205-875c185494cb,2024-04-06T11:06:43Z,2024-04-06T11:30:52Z,37,Running,1157.423,2923.58,6.61,0,0,194.25
8acbd87f-cdca-4f7c-ad16-ecb900306cf4,2024-04-07T02:15:57Z,2024-04-07T02:36:10Z,4,Badminton,1011.000,0.00,0,0,0,30.00
d93d4328-a3a0-4d10-bffe-47a03857031f,2024-04-07T10:14:45Z,2024-04-07T11:05:21Z,37,Running,3022.538,8317.52,0,0,0,533.09
63a3bcf4-7d5b-483d-9fd4-ef2b9b319dfd,2024-04-07T10:13:55Z,2024-04-07T11:18:44Z,37,Running,3889.000,8521.55,0,0,0,732.89
06edd4e3-b74d-4a7a-b435-a9dce72c2c0f,2024-04-09T10:18:18Z,2024-04-09T11:08:39Z,37,Running,2844.223,8251.46,7.44,0,0,534.28
9bd07b18-dfc3-49a4-84ad-17813ce01304,2024-04-11T10:20:34Z,2024-04-11T11:08:59Z,37,Running,2792.584,8300.10,0,0,0,530.38
fd2ea7d1-3046-4351-ba91-ea9252fda6c9,2024-04-11T10:15:19Z,2024-04-11T11:10:24Z,37,Running,3305.000,8437.05,0,0,0,713.98
867b93e0-8996-40c6-ae35-727c5377e45e,2024-04-12T13:44:55Z,2024-04-12T14:43:07Z,52,Walking,3492.000,2886.22,0,0,0,198.65
837365eb-9c40-466b-ac0d-46e54e2f651a,2024-04-13T08:00:31Z,2024-04-13T10:12:04Z,52,Walking,7893.000,4023.23,0,0,0,341.32
37c6507e-d2bf-478d-b6b9-a939a240ef49,2024-04-13T12:06:46Z,2024-04-13T13:26:25Z,52,Walking,4779.000,2068.37,0,0,0,190.83
1e88c6bf-3f13-4c5b-87a7-8e347591349f,2024-04-14T02:35:22Z,2024-04-14T03:48:19Z,52,Walking,4377.000,2004.12,0,0,0,179.50
e77f1ffc-a85f-4e1c-9148-504ee0a4ebff,2024-04-14T03:56:45Z,2024-04-14T04:26:49Z,37,Running,1783.456,5016.67,0,0,0,322.17
9ecf78fb-2489-4e93-a7b8-0c6fb36d2af8,2024-04-14T03:50:25Z,2024-04-14T04:36:09Z,37,Running,2744.000,5258.48,0,0,0,459.58
796fec87-0793-450b-9047-3768445093e8,2024-04-15T10:22:08Z,2024-04-15T11:09:30Z,37,Running,2771.574,8296.16,0,0,0,530.07
83e26b24-3e0c-406e-b984-fbc65ce718da,2024-04-15T10:07:55Z,2024-04-15T11:10:17Z,37,Running,3742.000,8631.07,0,0,0,738.08
03ed2dfc-1518-47d9-ac9d-661602d2c5cd,2024-04-17T10:18:58Z,2024-04-17T11:09:34Z,37,Running,2934.462,8419.99,0,0,0,542.84
0091b697-8f18-4cc3-871b-0515cc72587e,2024-04-17T10:18:06Z,2024-04-17T11:10:17Z,37,Running,3131.000,8510.93,0,0,0,715.91
f366a84d-705e-4800-9371-bb3a49d2b90d,2024-04-19T12:52:38Z,2024-04-19T13:12:21Z,52,Walking,1183.000,666.91,0,0,0,53.93
d97bf039-fe8b-44b9-9326-260a51583660,2024-04-21T10:05:54Z,2024-04-21T10:57:53Z,37,Running,3119.721,9110.45,14.14,0,0,602.52
a3febce7-89ea-4164-8a83-5964079a14a3,2024-04-23T10:14:59Z,2024-04-23T11:02:52Z,37,Running,2779.524,8135.78,22.50,0,0,549.33
c9d31a53-88ea-45b0-8c15-765b0b468566,2024-04-23T10:11:15Z,2024-04-23T11:04:25Z,37,Running,3190.000,8255.55,0,0,0,697.69
1a234550-b066-4803-a3e9-021163a06df0,2024-04-26T04:32:30Z,2024-04-26T04:48:24Z,52,Walking,954.000,597.50,0,0,0,46.03
7b54c756-4405-430f-b3a1-0b284b5b469c,2024-04-27T02:17:21Z,2024-04-27T03:10:08Z,52,Walking,3167.000,2173.72,0,0,0,161.05
d0cce34f-5544-446e-b127-277f044d4c3b,2024-04-27T03:30:55Z,2024-04-27T05:14:49Z,52,Walking,6234.000,3593.79,0,0,0,287.53
cebb3960-0926-44da-b076-62d226664f55,2024-04-27T10:00:26Z,2024-04-27T10:32:11Z,52,Walking,1905.000,1182.63,0,0,0,91.49
26bf139a-8d31-4e09-b02c-5ff56f395c90,2024-04-27T10:37:03Z,2024-04-27T10:53:51Z,52,Walking,1008.000,517.83,0,0,0,43.76
d454455a-1971-4aaf-b52e-0cc05f9c8605,2024-04-28T10:12:12Z,2024-04-28T10:59:57Z,37,Running,2820.266,8015.95,10.00,0,0,525.90
81e1dc47-855e-47c7-9bcc-281479f0a350,2024-04-28T10:09:14Z,2024-04-28T11:06:24Z,37,Running,3430.000,8371.86,0,0,0,711.67
109ba59a-3af9-4085-b6f8-027d77f8ef71,2024-04-29T10:18:19Z,2024-04-29T11:05:37Z,37,Running,2782.526,8230.34,0,0,0,528.36
29ad7568-52cb-40eb-be71-295749407d56,2024-04-30T23:45:18Z,2024-05-01T00:27:58Z,37,Running,2560.018,8108.82,4.48,0,0,545.42
77fef86a-cc3e-4920-bbc7-3cce5c9b7fe6,2024-04-30T23:37:25Z,2024-05-01T00:36:50Z,37,Running,3565.000,8471.42,0,0,0,722.14
b4e82698-5418-42b0-acb6-f203890cfa7b,2024-05-01T01:51:13Z,2024-05-01T02:28:59Z,52,Walking,2266.000,1687.29,0,0,0,120.91
029a7ab3-2385-4768-ab4e-65fadf9f8004,2024-05-01T02:42:05Z,2024-05-01T03:03:22Z,52,Walking,1277.000,641.42,0,0,0,54.81
ae206d77-e230-44f2-9891-48ea0c369f7b,2024-05-01T03:12:20Z,2024-05-01T04:55:39Z,52,Walking,6199.000,3863.93,0,0,0,298.41
f44f9c96-ad4e-4fc1-ace7-dac983979eef,2024-05-01T07:59:58Z,2024-05-01T09:23:50Z,52,Walking,5032.000,2830.09,0,0,0,229.02
909e0ba7-ff49-484f-ba5b-66e94d653da7,2024-05-01T10:09:23Z,2024-05-01T10:40:52Z,52,Walking,1889.000,914.28,0,0,0,79.60
e7e37963-87c4-44b4-8072-ca2c4f3ab65c,2024-05-02T07:53:39Z,2024-05-02T09:06:16Z,52,Walking,4357.000,2645.27,0,0,0,206.71
7f7f499c-9504-4af1-a75b-872cabc59491,2024-05-02T09:09:38Z,2024-05-02T09:56:16Z,52,Walking,2798.000,975.32,0,0,0,101.59
c099158c-0b5f-43ab-804c-6a4bbfdd77ef,2024-05-02T10:46:21Z,2024-05-02T11:13:33Z,52,Walking,1632.000,1471.82,0,0,0,98.14
38366c39-9fa2-430e-99b6-ba9d04ff310e,2024-05-02T23:07:54Z,2024-05-02T23:27:04Z,37,Running,1138.838,3111.80,23.39,0,0,205.03
58a1526e-a14a-413c-aa64-05c12e39e82f,2024-05-02T23:01:10Z,2024-05-03T00:01:37Z,52,Walking,3627.000,4115.89,0,0,0,254.49
5d912d7c-73e5-4653-af10-a0a249e2983a,2024-05-03T00:16:34Z,2024-05-03T00:41:43Z,52,Walking,1509.000,733.18,0,0,0,63.72
19b31735-e56a-4215-aeb9-659d32b5ff89,2024-05-03T00:54:22Z,2024-05-03T01:05:26Z,52,Walking,664.000,626.84,0,0,0,41.12
e089306e-94c0-4b5a-8137-6eccdb1290bd,2024-05-03T07:42:52Z,2024-05-03T08:40:51Z,52,Walking,3479.000,2090.60,0,0,0,164.12
16ab5876-f369-4d14-aa7b-d106653b0392,2024-05-03T09:32:29Z,2024-05-03T09:54:55Z,52,Walking,1346.000,507.28,0,0,0,50.51
b72839a9-e917-4978-9aad-94c10ec28d02,2024-05-03T10:01:10Z,2024-05-03T10:29:29Z,52,Walking,1699.000,806.68,0,0,0,70.92
63118d96-c0e2-492c-9cf5-73c1070b6a4d,2024-05-03T10:56:10Z,2024-05-03T11:26:08Z,52,Walking,1798.000,1809.32,0,0,0,116.20
e2621804-49f0-4251-b929-436c5ffccce8,2024-05-04T01:45:02Z,2024-05-04T02:39:24Z,52,Walking,3262.000,1635.54,0,0,0,139.89
4cb3b17e-75d4-41d4-a464-08ac01198e77,2024-05-04T02:42:17Z,2024-05-04T03:03:50Z,52,Walking,1293.000,869.26,0,0,0,64.95
6bf4f7b7-17a8-45bb-b81d-3a2656c4a9bf,2024-05-04T14:10:56Z,2024-05-04T14:29:19Z,52,Walking,1103.000,755.82,0,0,0,56.05
ed11b081-3f00-424e-b73d-293c797acf36,2024-05-05T04:29:27Z,2024-05-05T05:06:21Z,52,Walking,2214.000,1148.80,0,0,0,96.62
47e42ec6-348c-4f30-aaf5-6340f3b79c5d,2024-05-05T09:28:51Z,2024-05-05T09:42:36Z,52,Walking,825.000,497.12,0,0,0,38.98
add1df30-2a2c-4681-b5b0-68792534ae30,2024-05-06T00:48:44Z,2024-05-06T01:01:05Z,52,Walking,741.000,435.78,0,0,0,34.55
37baca63-ce8d-416a-b27d-07c9a19d5d25,2024-05-06T10:14:04Z,2024-05-06T11:02:29Z,37,Running,2865.682,8317.09,9.76,0,0,559.76
f35f2bcb-4a83-4dd0-a2ac-9afe698cff15,2024-05-06T10:02:00Z,2024-05-06T11:06:42Z,37,Running,3882.000,8518.08,0,0,0,732.45
86dbdf71-4aea-44b2-a4d1-1a18fb0bf395,2024-05-07T10:12:59Z,2024-05-07T10:44:11Z,37,Running,1772.597,5231.67,11.17,0,0,342.69
05e6777d-5c2c-4aa0-8c42-edcf77e16029,2024-05-07T10:08:17Z,2024-05-07T10:52:16Z,37,Running,2639.000,5488.64,0,0,0,474.89
5fd58da2-1c0e-4d42-aad6-df1dac89e4da,2024-05-08T10:00:15Z,2024-05-08T11:01:20Z,37,Running,3665.000,8484.41,0,0,0,725.27
39fc34a0-0f44-440b-b80d-6431790c0f70,2024-05-08T10:12:26Z,2024-05-08T11:01:23Z,37,Running,2891.784,8305.96,14.09,0,0,567.52
cc525bd4-f058-4098-bf3c-fb3d69a3c689,2024-05-11T10:16:03Z,2024-05-11T11:03:29Z,37,Running,2817.169,8319.65,14.79,0,0,550.11
a14b0762-3fb7-407f-9fae-5045064afb12,2024-05-11T10:03:22Z,2024-05-11T11:16:39Z,37,Running,4397.000,8904.13,0,0,0,772.87
34f2aa8b-5834-42a3-b076-1c5d8d018727,2024-05-12T00:22:37Z,2024-05-12T00:50:16Z,37,Running,1658.743,5151.32,2.04,0,0,336.94
3f7c5a54-1c1e-4bf6-9f44-23e86a767f51,2024-05-12T02:38:29Z,2024-05-12T03:37:51Z,52,Walking,3562.000,2273.82,0,0,0,173.78
d38965a1-a926-4f5b-84b4-d95f5ffb8702,2024-05-12T04:04:28Z,2024-05-12T04:35:34Z,52,Walking,1866.000,895.95,0,0,0,78.32
6460ea60-1b3c-49da-ac01-87cd07ef6934,2024-05-12T05:20:54Z,2024-05-12T06:46:41Z,52,Walking,5147.000,3157.27,0,0,0,245.58
093d1f3d-1adf-4b23-9c61-f6e410b21e54,2024-05-13T10:07:27Z,2024-05-13T10:57:21Z,37,Running,2913.832,8312.91,39.25,0,0,573.10
61b2b9b6-3809-471f-9a9d-c77ebed8915f,2024-05-16T10:10:44Z,2024-05-16T10:43:29Z,37,Running,1949.996,5015.02,17.62,0,0,328.49
e5803048-dc3c-4afe-8150-457f2153bf03,2024-05-17T10:13:43Z,2024-05-17T11:02:53Z,37,Running,2911.716,8264.64,6.77,0,0,540.40
2a3a55f0-1e08-46d3-a6a1-e879d70c5dde,2024-05-17T10:01:14Z,2024-05-17T11:04:40Z,37,Running,3806.000,8483.97,0,0,0,728.24
8fa1e37f-2c94-4901-83f6-f44fd005505b,2024-05-18T08:24:22Z,2024-05-18T09:11:10Z,52,Walking,2808.000,2665.27,0,0,0,174.58
a8d8be17-c635-4c35-ac49-c513863c1d65,2024-05-18T10:08:50Z,2024-05-18T10:37:16Z,52,Walking,1706.000,687.29,0,0,0,65.92
050127ca-d3f0-4dc7-a174-cf15851538de,2024-05-18T11:36:48Z,2024-05-18T12:27:33Z,52,Walking,3045.000,2757.57,0,0,0,183.61
e40de4d0-ebb5-46c1-b997-ab4a34b385e9,2024-05-19T00:22:30Z,2024-05-19T00:53:35Z,37,Running,1823.927,5047.86,2.58,0,0,321.41
7c5d75af-ae6c-492f-8840-cf80f4cdc94d,2024-05-19T02:17:42Z,2024-05-19T02:44:51Z,52,Walking,1629.000,1036.16,0,0,0,79.31
914a7d3d-b22f-4b08-95cf-f04392c10679,2024-05-19T06:44:06Z,2024-05-19T07:21:45Z,52,Walking,2259.000,1929.33,0,0,0,131.19
ff50f7fe-45dc-4270-b418-dbe2bcdb1339,2024-05-19T07:37:31Z,2024-05-19T08:05:19Z,52,Walking,1668.000,691.95,0,0,0,65.31
158e2b74-a7bd-4b8a-b555-0f37b33a24d8,2024-05-19T08:12:15Z,2024-05-19T09:11:37Z,52,Walking,3562.000,2065.48,0,0,0,164.79
93b75bca-2626-4ead-a756-41cbc752acde,2024-05-19T09:56:42Z,2024-05-19T10:16:33Z,52,Walking,1191.000,1122.37,0,0,0,73.70
4d6ed2fd-0138-403d-9af6-de7930efd228,2024-05-20T10:06:28Z,2024-05-20T10:52:30Z,37,Running,2679.266,8125.20,13.69,0,0,532.11
dae7dd5b-aabc-43d2-a138-3468f7019516,2024-05-20T12:56:51Z,2024-05-20T14:01:51Z,52,Walking,3900.000,4118.09,0,0,0,260.42
a05fd8ed-c973-4dc4-bda4-815b986c9ac0,2024-05-22T12:34:26Z,2024-05-22T13:02:38Z,52,Walking,1692.000,1773.97,0,0,0,112.42
ef870cb7-e718-4929-be9f-aec4b0dc3604,2024-05-23T13:18:16Z,2024-05-23T13:55:55Z,52,Walking,2259.000,1101.24,0,0,0,95.52
15c41383-3a14-4357-8ace-d6bfbfd2ba36,2024-05-24T10:25:23Z,2024-05-24T10:30:34Z,37,Running,137.967,239.09,0,0,0,21.48
242899c4-d322-41e6-93dc-f03b929de817,2024-05-24T12:10:43Z,2024-05-24T12:24:10Z,52,Walking,807.000,549.94,0,0,0,40.87
fe458668-2989-4179-9f26-873aa273f29c,2024-05-25T02:52:45Z,2024-05-25T03:21:25Z,52,Walking,1720.000,678.43,0,0,0,65.85
f5151a95-3efd-4488-ab02-a630c1cd0b65,2024-05-25T12:03:47Z,2024-05-25T12:27:30Z,52,Walking,1423.000,644.57,0,0,0,58.06
bb4de9f3-66a9-4953-baca-56631a1aa84f,2024-05-26T07:51:54Z,2024-05-26T08:37:40Z,52,Walking,2746.000,2400.66,0,0,0,161.85
2617d2ef-4556-4cd6-af7c-8a392ba6b5fc,2024-05-26T09:40:44Z,2024-05-26T10:21:52Z,52,Walking,2468.000,1161.33,0,0,0,102.57
cb285dfb-91be-4f8f-90de-b727c1ac9575,2024-05-26T10:39:49Z,2024-05-26T11:13:23Z,52,Walking,2014.000,1922.49,0,0,0,125.70
d5529c91-455a-42df-8221-b4a990df3b9d,2024-05-26T13:44:25Z,2024-05-26T14:16:29Z,37,Running,1923.917,5026.27,0,0,0,319.02
3c69e8df-8b8d-44fd-a2cb-0a640b5ff3d8,2024-05-26T13:44:29Z,2024-05-26T14:27:30Z,37,Running,2581.000,5499.77,0,0,0,474.52
39bc2257-608d-4e75-9f06-d1483e66d227,2024-05-27T10:10:07Z,2024-05-27T11:00:04Z,37,Running,2951.579,8350.66,10.45,0,0,546.83
9ab30dff-ae25-4c8e-92dc-155e6fe5ec59,2024-05-28T13:09:39Z,2024-05-28T13:35:54Z,52,Walking,1575.000,561.49,0,0,0,57.71
798f25ed-c037-4c80-94aa-9c3c39d3bd3e,2024-05-30T10:04:51Z,2024-05-30T10:53:47Z,37,Running,2868.555,8105.13,12.59,0,0,526.00
c570f1e7-5f64-4fbd-a738-f5bc698dfbd0,2024-05-30T10:03:06Z,2024-05-30T10:57:57Z,37,Running,3291.000,8365.45,0,0,0,708.25
aa13630a-cf57-43b0-a34b-8fbea54f1fa8,2024-05-31T01:11:52Z,2024-05-31T01:40:28Z,52,Walking,1716.000,662.11,0,0,0,65.05
4f14fa4f-8aee-427f-9265-4e89021628c6,2024-05-31T10:13:53Z,2024-05-31T10:32:46Z,37,Running,1108.875,3183.85,2.12,0,0,210.03
b2866d4d-3c15-4938-a7e6-059c48411a51,2024-05-31T10:32:59Z,2024-05-31T11:02:40Z,37,Running,1780.329,5058.18,13.88,0,0,335.72
c060226c-bf5b-4d72-8a59-e62cc7d47b69,2024-05-31T10:09:02Z,2024-05-31T11:04:04Z,37,Running,3302.000,8374.04,0,0,0,709.12
e03282d6-aeb8-43c1-abf1-9199c78114a6,2024-06-01T07:06:59Z,2024-06-01T08:05:18Z,52,Walking,3499.000,2289.42,0,0,0,173.11
80463ea3-d79e-41d0-8037-faa812de064c,2024-06-01T08:52:10Z,2024-06-01T09:24:05Z,52,Walking,1915.000,766.68,0,0,0,73.80
98c82e7b-efd6-40be-ae7b-c5f938f9835d,2024-06-02T01:23:18Z,2024-06-02T02:09:43Z,37,Running,2785.043,8022.96,15.45,0,0,393.78
a9208bed-4f39-44cc-8bb0-48028e046c54,2024-06-02T08:54:12Z,2024-06-02T09:25:31Z,52,Walking,1879.000,921.78,0,0,0,61.15
b26ab9b0-701b-4ee3-9d88-9ef4d57545ef,2024-06-02T10:18:37Z,2024-06-02T10:40:38Z,52,Walking,1321.000,607.28,0,0,0,41.63
ccf40cb0-b81c-4e7e-9841-ed016924a199,2024-06-03T10:17:03Z,2024-06-03T11:07:07Z,37,Running,2836.911,8014.59,10.01,0,0,393.74
f7f05527-afb6-4096-9f6d-170c977aafdd,2024-06-03T10:17:08Z,2024-06-03T11:09:05Z,37,Running,3117.000,8298.44,0,0,0,526.95
b75e342c-f5c1-4e43-ab05-77263b184434,2024-06-04T01:19:28Z,2024-06-04T02:26:09Z,52,Walking,4001.000,1410.06,0,0,0,109.94
fb7343a1-8fdc-4461-80f7-383a8141abc8,2024-06-04T12:49:52Z,2024-06-04T13:31:02Z,52,Walking,2470.000,1231.77,0,0,0,79.59
b8b02118-dd6d-4b9b-8998-31b03d55bba5,2024-06-05T10:15:19Z,2024-06-05T11:04:51Z,37,Running,2916.883,8306.01,23.89,0,0,408.40
075894d4-00ff-496b-855f-d4fea2d084a5,2024-06-07T10:11:57Z,2024-06-07T10:59:51Z,37,Running,2874.293,8244.38,32.73,0,0,409.60
8deda3b4-614e-42f9-b72c-066237362c5f,2024-06-07T23:41:15Z,2024-06-08T00:30:51Z,37,Running,2976.370,8565.04,39.42,0,0,427.39
0544bfd8-dea7-4f7c-bdf9-3cb6683a340c,2024-06-07T23:36:42Z,2024-06-08T00:43:54Z,37,Running,4032.000,8937.82,0,0,0,567.86
5824153c-e4e5-4541-adce-1941f5a9b294,2024-06-08T09:28:55Z,2024-06-08T10:19:20Z,52,Walking,3025.000,1223.32,0,0,0,86.62
3e3d2589-fc6b-4dd0-b0a7-a31f94696269,2024-06-08T10:50:34Z,2024-06-08T11:06:34Z,52,Walking,960.000,538.78,0,0,0,32.29
896a9cb5-a460-43eb-ad20-987f9272a91b,2024-06-09T08:55:00Z,2024-06-09T09:32:22Z,52,Walking,2242.000,1795.45,0,0,0,92.51
d58b3103-43c2-4eac-a29d-51e89f9a4d48,2024-06-09T09:34:41Z,2024-06-09T09:54:37Z,52,Walking,1196.000,677.22,0,0,0,40.40
0d253817-ac37-4d97-add5-caee051befd3,2024-06-09T10:49:11Z,2024-06-09T11:01:33Z,52,Walking,742.000,569.89,0,0,0,29.84
3bf7d6b3-530b-4aa5-8b0e-221b03379b4c,2024-06-09T11:39:32Z,2024-06-09T12:18:17Z,52,Walking,2325.000,2024.73,0,0,0,101.13
8daf03e9-f00d-4645-b764-a983d4069b6d,2024-06-09T23:46:08Z,2024-06-09T23:58:30Z,52,Walking,742.000,696.19,0,0,0,33.86
489936f7-8229-4b4d-8389-98daf747fbec,2024-06-10T00:03:35Z,2024-06-10T00:04:46Z,37,Running,71.005,0.00,0,0,0,0.00
0b94f954-e82d-46f7-bfaf-8faff1d4784c,2024-06-10T00:07:18Z,2024-06-10T00:58:52Z,37,Running,2472.488,6024.04,27.87,0,0,284.13
193c16ea-1e97-432a-aac7-36f8bdd82ed7,2024-06-10T10:49:33Z,2024-06-10T12:20:20Z,52,Walking,5447.000,2977.75,0,0,0,180.65
faac3214-f307-4a84-8bf5-328e4699a647,2024-06-11T13:15:57Z,2024-06-11T13:59:45Z,52,Walking,2628.000,1610.92,0,0,0,92.71
4492c56b-3ae8-4f73-a675-c1a60606f08f,2024-06-12T10:11:59Z,2024-06-12T11:00:34Z,37,Running,2912.694,8207.28,8.91,0,0,430.18
2687fd7a-fa66-485c-a876-dcba4779f005,2024-06-13T22:11:12Z,2024-06-13T22:56:56Z,37,Running,2744.214,8029.45,78.07,0,0,428.82
3fdd0bb1-2c31-4a91-9355-f9b4480ae24d,2024-06-14T12:45:53Z,2024-06-14T13:19:56Z,52,Walking,2043.000,1023.38,0,0,0,64.79
65c00697-0aa1-410b-a2d3-5bb29f5f40bb,2024-06-16T21:59:58Z,2024-06-16T22:46:43Z,37,Running,2804.672,8206.25,12.07,0,0,419.20
6b9422d3-546c-44c0-ab6f-95e5ff4c3b03,2024-06-17T12:20:23Z,2024-06-17T12:47:55Z,52,Walking,1652.000,1001.87,0,0,0,57.95
cc7ec7b9-7ed2-4edf-b1fd-10d5018afcd9,2024-06-17T22:14:54Z,2024-06-17T22:44:53Z,37,Running,1798.790,5221.09,6.30,0,0,256.08
723c937f-4b29-4e98-9ccc-955948310df0,2024-06-18T22:09:54Z,2024-06-18T22:55:57Z,37,Running,2762.564,8032.88,14.29,0,0,389.21
5cd9df05-ec57-4ed4-9577-1e11e5d8f504,2024-06-18T22:06:27Z,2024-06-18T23:04:43Z,37,Running,3496.000,8229.36,0,0,0,519.45
5e6e626a-5463-47bf-84ce-57353c6ca14b,2024-06-19T22:25:35Z,2024-06-19T22:54:32Z,37,Running,1737.529,5033.25,19.62,0,0,247.69
b0f6eb17-1d94-4ddb-a267-da3fadb81b6e,2024-06-20T22:06:42Z,2024-06-20T22:53:34Z,37,Running,2812.042,8035.92,14.75,0,0,394.96
4fe2705c-1d92-4cbe-bd8f-7735e7cd2c7a,2024-06-21T14:02:06Z,2024-06-21T14:14:40Z,52,Walking,754.000,745.93,0,0,0,35.63
a088771b-3826-4dd8-b9ad-70c8eb6cde4b,2024-06-22T00:46:20Z,2024-06-22T01:16:24Z,37,Running,1804.101,5078.05,9.41,0,0,246.94
7fde8167-6a23-49c9-88ba-9366a39a0c3c,2024-06-22T09:57:01Z,2024-06-22T11:03:29Z,52,Walking,3988.000,2406.84,0,0,0,139.48
431c134e-f309-4fbe-8d7e-bd1b35adee9c,2024-06-22T12:28:25Z,2024-06-22T13:06:00Z,52,Walking,2255.000,1929.08,0,0,0,96.98
c23c666a-f7bc-4310-b9cd-e1414cc205b6,2024-06-22T23:39:06Z,2024-06-22T23:50:28Z,52,Walking,682.000,501.24,0,0,0,26.71
9d1db21b-4cea-4ba8-9149-fbbfc26f4b15,2024-06-23T00:09:37Z,2024-06-23T00:47:02Z,37,Running,2244.346,5389.02,10.29,0,0,252.34
8836ef20-584d-40e5-91a5-1d26f3bc062f,2024-06-23T22:03:31Z,2024-06-23T22:50:58Z,37,Running,2846.181,8018.26,45.54,0,0,399.89
43bae3fa-b0d8-439a-8341-ed1a90fab792,2024-06-24T22:04:58Z,2024-06-24T22:33:24Z,37,Running,1705.574,5205.59,20.73,0,0,260.84
6f91f3c0-45c6-4447-a69f-2215375548af,2024-06-25T22:14:13Z,2024-06-25T22:44:58Z,37,Running,1844.635,5157.83,0,0,0,243.31
419ede56-3eba-48e2-9398-537531e2be11,2024-06-26T22:02:24Z,2024-06-26T22:33:22Z,37,Running,1858.307,5102.92,30.90,0,0,252.86
88f5d7c1-b43b-4692-aef1-e7ad11601957,2024-06-27T22:07:46Z,2024-06-27T22:38:09Z,37,Running,1823.622,5104.86,0,0,0,248.18
79bd4555-39c8-4342-8363-6b25f5a34219,2024-06-29T00:37:37Z,2024-06-29T01:35:05Z,37,Running,3366.703,10006.26,7.19,0,0,499.52
418e8889-5829-4143-b666-8792eb859c35,2024-06-29T09:08:50Z,2024-06-29T10:48:41Z,52,Walking,5991.000,3580.76,0,0,0,208.45
e66d6516-1f12-47bb-81b3-5e1b1f8ea851,2024-06-29T11:33:36Z,2024-06-29T12:47:14Z,52,Walking,4418.000,2360.84,0,0,0,144.79
29ba9916-fdf2-476f-a94f-1ef9cebc436f,2024-06-30T00:17:59Z,2024-06-30T01:45:01Z,37,Running,3108.043,8017.76,16.50,0,0,394.48
f747416a-1e06-4811-9917-a52b9fb8e813,2024-06-30T22:19:39Z,2024-06-30T22:52:12Z,37,Running,1952.749,5159.98,0,0,0,242.56
e204ce50-631d-4cb8-914d-f4bf2d45e2f9,2024-07-01T22:02:23Z,2024-07-01T22:32:47Z,37,Running,1823.526,5055.63,0,0,0,244.32
20176cf1-b162-4dff-a48d-f36c91193ff8,2024-07-02T22:07:35Z,2024-07-02T22:37:55Z,37,Running,1820.109,5011.81,0,0,0,236.32
045a5762-7948-4b92-a498-e693eaaa269e,2024-07-03T22:12:20Z,2024-07-03T22:42:18Z,37,Running,1797.522,5108.18,0,0,0,243.36
7033e2ce-bedf-4e69-b5b7-93ddc7ca4d6d,2024-07-04T22:21:19Z,2024-07-04T22:51:01Z,37,Running,1782.356,5021.48,0,0,0,245.53
7a4a23da-4607-47ed-a395-fcb3b8480f20,2024-07-05T23:06:35Z,2024-07-06T00:06:31Z,37,Running,3592.514,10023.25,0,0,0,482.62
e36009ff-ad64-475d-83ec-fa180c443a0e,2024-07-06T02:23:46Z,2024-07-06T02:56:48Z,52,Walking,1982.000,747.58,0,0,0,55.03
e5ae84d5-bde9-4cc3-bdda-e14bec3fd691,2024-07-06T03:02:46Z,2024-07-06T03:35:34Z,52,Walking,1968.000,958.26,0,0,0,61.53
dafffa1d-9f5f-40e4-bbfd-8b54a17703d0,2024-07-06T10:14:18Z,2024-07-06T11:37:29Z,52,Walking,4991.000,2703.12,0,0,0,164.73
6d5f7b7c-f3d4-4ba6-ace4-2dc2bc59904e,2024-07-07T00:58:42Z,2024-07-07T01:59:16Z,37,Running,3520.997,10278.80,0,0,0,489.28
b945f22c-4fcf-4d29-bf4d-c72c8a5fb68f,2024-07-07T02:02:11Z,2024-07-07T02:34:52Z,13,Cycling,1562.150,5373.57,0,0,0,51.51
529ada2b-0130-440c-a529-28cb4e5a7a8b,2024-07-07T04:25:58Z,2024-07-07T04:51:04Z,52,Walking,1506.000,604.86,0,0,0,42.99
9f9d0fe4-e48d-4f69-b136-327159ad82d1,2024-07-07T05:15:27Z,2024-07-07T05:35:09Z,52,Walking,1182.000,612.54,0,0,0,38.14
d83273d7-3b80-4235-9ec2-1075e02c7b21,2024-07-07T05:15:27Z,2024-07-07T05:35:09Z,52,Walking,1182.000,573.80,0,0,0,36.91
b9626359-3de7-483c-a75a-ff582e1bda88,2024-07-07T11:31:48Z,2024-07-07T12:14:27Z,52,Walking,2559.000,1055.30,0,0,0,73.93
914c5d51-5c9d-4b1e-b82d-e5a5b6098c8a,2024-07-07T12:25:49Z,2024-07-07T13:10:20Z,52,Walking,2671.000,1024.18,0,0,0,74.70
0f17d850-7f1d-47c3-bed1-47a36c0b5cee,2024-07-08T12:12:26Z,2024-07-08T12:45:15Z,37,Running,1969.397,5263.91,0,0,0,246.82
295dee96-a284-4089-ac41-801988bc2127,2024-07-08T14:10:27Z,2024-07-08T14:28:17Z,52,Walking,1070.000,541.67,0,0,0,34.11
f28c98e9-a594-4bc9-823e-9fabe9490703,2024-07-08T14:10:27Z,2024-07-08T14:28:17Z,52,Walking,1070.000,541.69,0,0,0,34.11
5ecdd3a8-4cbb-4e66-9755-9988b1702d62,2024-07-09T12:29:34Z,2024-07-09T12:49:45Z,52,Walking,1211.000,458.60,0,0,0,33.68
07d46365-41ac-45ee-a054-1c6ca93cf09a,2024-07-09T13:11:56Z,2024-07-09T13:32:45Z,52,Walking,1249.000,574.49,0,0,0,37.97
5a4f4fb5-b45a-4f75-b07f-5d4c850378f6,2024-07-09T13:11:56Z,2024-07-09T13:32:45Z,52,Walking,1249.000,567.99,0,0,0,37.76
a594bea2-2a8e-405e-8f19-a5184ced7a22,2024-07-11T01:03:38Z,2024-07-11T01:23:57Z,37,Running,910.839,2314.97,0,0,0,109.10
e233169f-86c4-4dac-a947-86eb404a76ab,2024-07-13T02:06:13Z,2024-07-13T03:03:50Z,52,Walking,3457.000,1820.62,0,0,0,112.46
7d7accb8-a670-46f9-8dd4-0a4b903789e8,2024-07-13T03:08:08Z,2024-07-13T03:44:05Z,52,Walking,2157.000,1120.34,0,0,0,69.67
b2f634e1-7895-4c51-ac7a-84af4d8015a0,2024-07-13T03:46:47Z,2024-07-13T04:19:38Z,52,Walking,1971.000,940.78,0,0,0,61.02
eee77a4e-1dbc-4a45-801c-9c0430272ce8,2024-07-13T08:22:42Z,2024-07-13T08:44:58Z,52,Walking,1336.000,468.84,0,0,0,35.98
02bd40a7-d7aa-4def-ad5d-7d30e554cfc9,2024-07-13T10:24:42Z,2024-07-13T10:38:42Z,37,Running,839.603,2014.83,4.26,0,0,99.70
f3e29232-4a4d-4f62-a9b0-070041458c07,2024-07-14T03:31:11Z,2024-07-14T04:04:17Z,52,Walking,1986.000,1132.34,0,0,0,67.37
78ef0a51-af02-4338-b8e4-fd20d0889d71,2024-07-14T09:17:57Z,2024-07-14T09:32:33Z,37,Running,875.649,2216.49,0,0,0,102.95
9d0ec880-e5c7-4c56-9527-31693597306d,2024-07-14T10:00:26Z,2024-07-14T10:38:52Z,52,Walking,2306.000,1249.52,0,0,0,76.13
e80e4017-f59b-4232-ab72-357acdde2384,2024-07-14T11:17:39Z,2024-07-14T11:45:35Z,52,Walking,1676.000,1104.67,0,0,0,61.60
2f3ec339-ac20-4ee8-8f7a-b0e69a0d9d00,2024-07-14T12:35:44Z,2024-07-14T12:56:56Z,52,Walking,1272.000,687.93,0,0,0,41.95
267f52da-ca1c-47cb-b378-08e6ca7fbd89,2024-07-15T12:22:00Z,2024-07-15T12:46:14Z,52,Walking,1454.000,1331.19,0,0,0,65.31
5898c995-8e65-4fa7-9689-1db372936fc3,2024-07-15T12:47:02Z,2024-07-15T13:02:14Z,37,Running,912.422,2220.77,0,0,0,103.03
43e2f84f-f6bd-4842-b452-221c9adaf0a1,2024-07-18T11:59:49Z,2024-07-18T12:12:00Z,52,Walking,731.000,490.25,0,0,0,27.12
3ac1e91b-14a6-475b-8db2-2db6d699bed5,2024-07-18T12:32:05Z,2024-07-18T12:42:05Z,52,Walking,600.000,899.32,0,0,0,38.11
25c2134b-cc9d-40b7-ba99-79207dc5985f,2024-07-18T12:37:11Z,2024-07-18T12:50:15Z,37,Running,784.692,2027.06,0,0,0,99.79
2e0fb9d6-b716-475d-95a8-2c5bf4b45191,2024-07-19T12:11:12Z,2024-07-19T12:35:18Z,52,Walking,1446.000,862.54,0,0,0,50.24
0d0d0711-41e5-4830-9c75-8b00597a057e,2024-07-19T14:49:59Z,2024-07-19T15:15:35Z,52,Walking,1536.000,749.61,0,0,0,48.06
00ac8e67-4dfd-4eaa-8502-975ea3456e0d,2024-07-20T13:43:31Z,2024-07-20T13:59:17Z,37,Running,946.223,2129.39,0,0,0,109.46
f9899186-969f-473c-a12f-f579f103db1f,2024-07-21T12:01:24Z,2024-07-21T12:23:22Z,52,Walking,1318.000,852.84,0,0,0,47.93
6cd2b17e-5301-4eb1-a422-0254ea3a568a,2024-07-21T12:28:05Z,2024-07-21T12:40:57Z,52,Walking,772.000,437.13,0,0,0,26.08
0bbe3248-961a-4bb1-8dec-94f45eb1ab6a,2024-07-21T13:00:24Z,2024-07-21T13:29:51Z,37,Running,1766.833,5026.11,0,0,0,242.98
cdaedfcd-b35a-4cd0-ac1b-c4aaf0b27e16,2024-07-21T12:54:24Z,2024-07-21T13:34:25Z,37,Running,2401.000,5494.86,0,0,0,347.89
1d92e738-56a1-4486-a801-2e22b056c27d,2024-07-22T13:38:09Z,2024-07-22T14:10:17Z,37,Running,1927.324,5427.28,0,0,0,257.14
f3a8756c-39c5-40c9-a3df-236a4f6e7b81,2024-07-23T12:20:19Z,2024-07-23T12:52:20Z,37,Running,1920.973,5101.71,0,0,0,244.86
9deb23c8-e43e-44d6-9c55-5e661a355ca6,2024-07-23T12:18:51Z,2024-07-23T13:03:26Z,37,Running,2675.000,5397.78,0,0,0,346.72
3b06bbeb-8e58-4e0a-81f8-7baa39fdb496,2024-07-25T06:42:09Z,2024-07-25T06:49:20Z,52,Walking,431.000,411.19,0,0,0,19.90
b88c0859-9c47-401e-b5db-a735dc16442f,2024-07-26T13:05:40Z,2024-07-26T13:42:48Z,37,Running,2227.978,5302.28,15.29,0,0,273.27
e8a2961b-40b5-4d26-b01e-ffcd693bbc2c,2024-07-26T12:52:33Z,2024-07-26T13:47:20Z,37,Running,3287.000,5603.99,0,0,0,368.02
79c0b32a-8f16-4d02-9a49-5193492b4908,2024-07-26T22:55:40Z,2024-07-27T00:11:19Z,37,Running,3843.822,10627.06,2.76,0,0,508.16
eb01cd36-d23a-46d7-bd39-c1e3ba17ea72,2024-07-27T00:40:18Z,2024-07-27T01:19:27Z,13,Cycling,2348.405,7117.54,2.01,0,0,69.95
f6ddae2d-ce56-47cf-b908-74102de43809,2024-07-27T03:13:29Z,2024-07-27T03:35:40Z,52,Walking,1331.000,509.41,0,0,0,37.19
227d5cff-35db-4aa2-a691-4d7bd6e39541,2024-07-27T10:59:41Z,2024-07-27T11:18:13Z,52,Walking,1111.898,633.77,0,0,0,47.99
a0dd9da4-3751-4c6c-8197-ae41a1292edf,2024-07-29T11:24:28Z,2024-07-29T11:51:53Z,13,Cycling,1645.000,8776.82,0,0,0,144.87
054bdcbc-2933-4560-b125-dd06f35b7ba9,2024-07-29T11:47:32Z,2024-07-29T12:05:12Z,52,Walking,1060.000,749.21,0,0,0,40.56
1e5ea305-a0e3-4093-94ff-7a056844bb7f,2024-07-29T11:54:00Z,2024-07-29T12:06:07Z,52,Walking,727.123,732.82,0,0,0,25.45
7d6be1aa-438c-49f1-8aee-7f99beb2e00d,2024-07-29T13:12:25Z,2024-07-29T13:45:01Z,37,Running,1956.832,5519.13,2.55,0,0,265.64
3f2ca37a-af25-4c77-9124-6d9cafc15de3,2024-07-29T13:52:29Z,2024-07-29T14:05:03Z,52,Walking,753.407,494.42,0,0,0,26.22
80f2b6e6-f5da-4771-acf5-be1b120c6723,2024-08-01T13:37:12Z,2024-08-01T14:10:26Z,37,Running,1447.026,4027.09,0,0,0,185.40
e13fa082-07b9-4b71-9189-75a5c1970b4f,2024-08-03T00:22:11Z,2024-08-03T01:19:44Z,37,Running,3453.002,10121.20,4.88,0,0,534.02
a1996716-a062-402b-b8cc-721d4f40c45c,2024-08-03T01:32:03Z,2024-08-03T01:48:46Z,52,Walking,1003.000,1031.79,0,0,0,97.62
12e306cb-030f-4b26-b2c0-d5035004d77c,2024-08-03T09:52:12Z,2024-08-03T10:25:44Z,52,Walking,2012.000,927.08,0,0,0,61.23
21e51705-1ea6-4895-b189-506fd60fd1d3,2024-08-03T13:03:01Z,2024-08-03T13:32:23Z,52,Walking,1762.000,1099.53,0,0,0,62.79
861b9e2f-7ad7-4bcf-aec5-16915bc115f5,2024-08-03T23:48:31Z,2024-08-04T01:01:32Z,37,Running,4380.116,10473.07,7.25,0,0,503.60
a5b69580-4a0f-436e-8a49-eff0ceaacce8,2024-08-05T10:47:16Z,2024-08-05T11:18:22Z,37,Running,1814.948,5317.07,0,0,0,247.79
f56e88df-057e-4e94-b1cc-56aa312c6637,2024-08-05T12:46:04Z,2024-08-05T13:02:12Z,52,Walking,968.000,568.33,0,0,0,33.35
0a94746b-e63c-4827-8ed0-de110705997e,2024-08-06T11:00:39Z,2024-08-06T11:31:33Z,37,Running,1771.335,5331.85,0,0,0,254.66
97f0a0b7-be1a-4d7f-9942-de52fa459642,2024-08-07T10:51:08Z,2024-08-07T11:22:14Z,37,Running,1866.123,5424.72,0,0,0,257.57
8b568307-56a7-456e-b17c-ef70ccb64c0a,2024-08-08T10:58:49Z,2024-08-08T11:29:31Z,37,Running,1816.629,5317.50,0,0,0,254.32
bfb7b7ca-b607-4683-adbf-06534e626ee2,2024-08-11T11:53:24Z,2024-08-11T12:59:07Z,37,Running,3943.009,10349.86,0.78,0,0,485.83
f81dc750-aa4c-49a6-900c-87d4c21436e0,2024-08-12T11:02:24Z,2024-08-12T11:35:23Z,37,Running,1861.185,5625.82,0,0,0,269.36
5099d6cc-e2eb-4b18-8006-c36f374b9086,2024-08-12T12:34:18Z,2024-08-12T12:52:10Z,52,Walking,1072.000,446.29,0,0,0,31.11
c18a337b-ab39-4c33-8d4a-6eeaa1bae567,2024-08-13T10:12:55Z,2024-08-13T10:43:10Z,37,Running,1795.365,5215.64,0,0,0,255.12
12c0cc26-82fe-4953-8fb2-4c01bba8ddd8,2024-08-14T00:23:38Z,2024-08-14T00:46:45Z,52,Walking,1387.000,1734.48,0,0,0,77.10
11b96698-45c6-4e11-ad2a-16042228ff8b,2024-08-14T10:17:30Z,2024-08-14T11:06:02Z,37,Running,2832.650,8023.85,3.60,0,0,387.42
f0837b14-6eaf-49f6-a05d-32ffd88b0e15,2024-08-14T11:59:37Z,2024-08-14T12:38:57Z,52,Walking,2360.000,2030.19,0,0,0,101.85
97a68368-0a8d-498b-b2b6-86a969aebaff,2024-08-15T10:08:07Z,2024-08-15T10:42:53Z,37,Running,1828.060,5234.39,0.57,0,0,249.24
7255c69c-ba57-4044-aa45-81e94e7a7028,2024-08-16T12:57:33Z,2024-08-16T13:11:38Z,52,Walking,845.000,676.82,0,0,0,34.88
b03bd136-91af-4104-9419-698428c4a3ca,2024-08-17T11:55:43Z,2024-08-17T12:35:33Z,52,Walking,2390.000,1319.81,0,0,0,79.70
5f16541d-c4a2-45e6-abc4-368e092ab957,2024-08-17T12:38:12Z,2024-08-17T12:54:30Z,52,Walking,978.000,576.07,0,0,0,33.76
48a46a67-a66f-4dbd-bc17-9c55321345bb,2024-08-18T13:07:42Z,2024-08-18T14:05:43Z,37,Running,3481.675,8022.05,0,0,0,422.57
fc760559-8710-43d5-a1f5-1190ce610ac8,2024-08-19T10:12:39Z,2024-08-19T10:51:22Z,37,Running,2265.461,6059.35,0,0,0,290.53
279154ce-4327-4514-b74c-a2f6826533a6,2024-08-20T10:11:51Z,2024-08-20T10:45:19Z,37,Running,1927.462,5424.62,0,0,0,257.96
37a16f1b-7615-4cad-b3d6-7bd3fbfbbf90,2024-08-21T10:08:40Z,2024-08-21T10:46:06Z,37,Running,2213.315,6423.20,0,0,0,310.61
f174ee11-e99e-4fc8-938a-aa9e9e7e1326,2024-08-24T11:04:29Z,2024-08-24T12:03:56Z,37,Running,3283.668,8712.07,11.88,0,0,433.50
e52eaf10-8830-43c5-baff-e1d4180b9d71,2024-08-27T10:28:51Z,2024-08-27T11:03:07Z,37,Running,2039.175,5612.44,0,0,0,266.70
0234481d-0fa9-4fcb-80aa-94412b09d4c3,2024-08-29T10:13:11Z,2024-08-29T10:46:35Z,37,Running,1901.575,5529.66,1.38,0,0,265.34
c022c8aa-3c31-4bff-9d6a-137a2a30673c,2024-08-30T09:15:37Z,2024-08-30T11:42:04Z,37,Running,7200.676,18925.64,17.12,0,0,1021.27
41b83066-5842-4378-a954-3e2fc657e51f,2024-08-30T09:15:58Z,2024-08-30T12:17:08Z,37,Running,10870.000,19295.20,0,0,0,1827.32
6d6877f8-7c3c-417c-ace2-212258e542fe,2024-08-30T13:49:49Z,2024-08-30T14:09:54Z,52,Walking,1205.000,829.61,0,0,0,45.42
2c99dad1-a3c7-4428-ac1e-6d35f62cd3fe,2024-09-02T10:16:04Z,2024-09-02T10:49:42Z,37,Running,1937.369,5306.52,0,0,0,251.39
41b08877-316d-46f1-8217-c03f2b3e571e,2024-09-03T10:13:42Z,2024-09-03T10:46:17Z,37,Running,1914.735,5109.10,5.59,0,0,245.29
6d3595af-1a1c-4946-9422-d62978949ffd,2024-09-03T12:13:04Z,2024-09-03T12:46:52Z,52,Walking,2028.000,940.41,0,0,0,61.90
e85f07d6-0f34-43b0-9234-86ec3908f15e,2024-09-05T10:13:03Z,2024-09-05T10:58:58Z,37,Running,2637.655,8059.98,0,0,0,385.51
1a1c2523-9a5c-46d8-addb-2fb7e3538a40,2024-09-05T12:42:08Z,2024-09-05T13:55:06Z,52,Walking,4378.000,1894.26,0,0,0,129.31
68eb56b9-92aa-4eb8-a1b4-11abe2ee31c7,2024-09-07T08:30:05Z,2024-09-07T08:55:19Z,52,Walking,1514.000,1057.46,0,0,0,57.54
36ff97db-cfca-4014-924b-49388a163d1e,2024-09-07T09:03:53Z,2024-09-07T09:16:01Z,52,Walking,728.000,432.73,0,0,0,25.25
3930e0dd-dba0-4458-a16a-7e6710a3c14d,2024-09-07T12:10:46Z,2024-09-07T12:27:22Z,52,Walking,996.000,462.51,0,0,0,30.43
373e9b2b-d9c0-4d69-bbd1-de8f0e71fad5,2024-09-08T11:49:43Z,2024-09-08T12:42:05Z,37,Running,3142.248,8220.36,0,0,0,403.69
9160fb39-74ac-4136-914c-899f5156ef38,2024-09-10T10:08:09Z,2024-09-10T10:53:32Z,37,Running,2663.163,8064.96,0,0,0,392.08
a5e3522d-bc4a-4d38-8402-0ec61b96b1fb,2024-09-12T12:07:09Z,2024-09-12T12:35:28Z,52,Walking,1699.000,1530.97,0,0,0,75.53
054a80d7-9964-43e8-9315-389bece9a0ec,2024-09-13T09:57:52Z,2024-09-13T11:03:37Z,37,Running,3821.554,10558.82,0,0,0,517.09
118f693a-e3a2-4eae-8f83-ea5f851bb108,2024-09-15T01:49:09Z,2024-09-15T02:36:44Z,52,Walking,2855.000,1179.57,0,0,0,82.55
12f08c7f-7320-44c4-9c35-1d84b049b109,2024-09-15T03:34:10Z,2024-09-15T04:42:47Z,52,Walking,4117.000,2162.57,0,0,0,133.74
1d5d3fcc-8795-4c78-867f-d1bdf7a36908,2024-09-15T07:51:00Z,2024-09-15T08:20:14Z,52,Walking,1754.000,621.66,0,0,0,47.44
1aad64f1-f660-412c-8b6d-af7c6453dcb8,2024-09-15T08:23:33Z,2024-09-15T09:05:37Z,52,Walking,2524.000,1463.38,0,0,0,86.36
f4c345d7-2f6e-4be8-aefa-d41236f13aa1,2024-09-15T12:11:37Z,2024-09-15T12:29:56Z,37,Running,1099.454,3019.76,0,0,0,152.66
f7753a64-63e2-4c95-9368-347ce94ca28c,2024-09-15T20:13:07Z,2024-09-15T20:29:51Z,52,Walking,1004.000,496.78,0,0,0,31.63
e98470f1-cd0e-44b2-bd4e-96e718e0207b,2024-09-16T05:25:46Z,2024-09-16T06:00:45Z,52,Walking,2099.000,875.06,0,0,0,60.95
450191c3-6f20-44a8-b663-950fb7acd2d1,2024-09-16T07:27:25Z,2024-09-16T07:42:24Z,52,Walking,899.000,428.66,0,0,0,27.82
91347b43-2728-4269-b87c-8a9d93400555,2024-09-17T04:45:49Z,2024-09-17T05:05:03Z,52,Walking,1154.000,591.92,0,0,0,37.04
a5ef9c31-765b-4084-a2e3-441d74b122d5,2024-09-18T10:56:04Z,2024-09-18T11:14:31Z,37,Running,1107.165,3055.81,0,0,0,147.54
42d66123-c5ba-48b0-b8a3-8866a4b5f7d0,2024-09-18T15:37:37Z,2024-09-18T15:54:51Z,52,Walking,1034.000,642.25,0,0,0,36.75
1a74d25d-72bd-45e1-8762-3a67e45d0eb0,2024-09-19T05:49:18Z,2024-09-19T06:15:04Z,52,Walking,1546.000,857.37,0,0,0,51.65
885eb159-1d96-4bf6-ad0e-04b70b338403,2024-09-19T08:45:20Z,2024-09-19T09:08:07Z,52,Walking,1367.000,452.45,0,0,0,35.94
d3f05295-89b8-4f13-974c-512c337ddcd2,2024-09-19T09:55:43Z,2024-09-19T10:14:29Z,52,Walking,1126.000,420.45,0,0,0,31.14
9397e7f1-f60a-4c93-abe7-5a82a62b5f19,2024-09-19T10:17:15Z,2024-09-19T11:11:29Z,52,Walking,3254.000,1297.10,0,0,0,92.58
8b739b63-1d99-4697-8ea4-ef507bd25b7d,2024-09-19T14:29:16Z,2024-09-19T14:56:19Z,52,Walking,1623.000,668.65,0,0,0,46.87
59c19855-6f9a-47a6-9ac0-d73cfede1f61,2024-09-20T02:17:17Z,2024-09-20T02:46:39Z,52,Walking,1762.000,695.06,0,0,0,49.90
fd6c191d-0bc5-4d9c-9133-8d1fd8d6aaa8,2024-09-20T06:00:54Z,2024-09-20T06:16:24Z,52,Walking,930.000,420.24,0,0,0,28.03
789ca001-14bb-475b-bccf-605769d0645d,2024-09-20T07:12:58Z,2024-09-20T07:29:09Z,52,Walking,971.000,439.69,0,0,0,29.30
a4e8e8fb-eaf5-4050-8c66-802e2399976e,2024-09-20T08:13:46Z,2024-09-20T09:23:17Z,52,Walking,4171.000,1381.37,0,0,0,109.70
53287c45-7624-4229-83ab-a1ea7ee1211f,2024-09-20T18:13:59Z,2024-09-20T18:29:26Z,37,Running,927.000,2002.76,0,0,0,190.40
1cc60496-c9a7-4b69-a8bb-e054c7e2a401,2024-09-21T09:13:00Z,2024-09-21T10:14:54Z,52,Walking,3714.000,1575.98,0,0,0,108.69
7b3e95aa-909c-4a41-b1ae-1c889a899ad8,2024-09-22T02:07:46Z,2024-09-22T02:34:33Z,52,Walking,1607.000,727.06,0,0,0,48.47
d6d67246-ef15-4f52-bc59-1ff1f807be3a,2024-09-22T02:51:09Z,2024-09-22T03:04:59Z,52,Walking,830.000,488.57,0,0,0,28.64
06370538-170a-44f1-b147-62321c352351,2024-09-22T06:07:54Z,2024-09-22T06:19:19Z,52,Walking,685.000,544.92,0,0,0,28.14
c5d4398a-9510-430f-9879-d2d4cb8c1b0b,2024-09-22T08:55:58Z,2024-09-22T09:18:57Z,52,Walking,1379.000,541.28,0,0,0,38.97
dea3b37c-4e8e-47c4-82ab-eef6cbec303f,2024-09-22T20:52:37Z,2024-09-22T21:12:27Z,52,Walking,1190.000,966.22,0,0,0,49.53
16f0ae6a-3111-4266-8cc5-956030ca3546,2024-09-22T21:16:20Z,2024-09-22T22:16:16Z,52,Walking,3596.000,3755.52,0,0,0,176.29
af3be64a-6df3-4079-a99b-84035ba619f3,2024-09-25T13:09:39Z,2024-09-25T13:23:04Z,37,Running,805.783,2106.64,0,0,0,90.00
dc030559-7b9d-4140-8673-1b88060476c5,2024-09-26T10:06:48Z,2024-09-26T10:58:23Z,37,Running,3078.645,8521.46,0,0,0,437.88
bd9d8d45-47a9-4fac-8852-43bfad957435,2024-09-26T11:01:26Z,2024-09-26T11:15:44Z,37,Running,858.000,2063.97,0,0,0,195.56
78aeb9c9-d504-474e-a566-7a2e92a0480a,2024-09-27T00:37:10Z,2024-09-27T01:12:50Z,52,Walking,2140.000,1276.48,0,0,0,74.38
148cd14a-0df5-460b-9d09-21a782a8045d,2024-09-27T10:26:36Z,2024-09-27T11:16:21Z,37,Running,2884.892,8024.07,0,0,0,388.87
750764bd-7c43-450e-b0bd-f772be2db6d9,2024-09-27T10:27:15Z,2024-09-27T15:33:59Z,24,Hiking,18404.000,17454.20,0,0,0,1651.31
ea2c334e-1642-473e-b72b-f0dac3ecb2b7,2024-09-28T07:22:54Z,2024-09-28T07:48:55Z,52,Walking,1561.000,1010.81,0,0,0,56.78
3e1c690b-ff5f-4d70-9e66-25c50d4674ec,2024-09-30T01:01:35Z,2024-09-30T02:04:31Z,37,Running,3757.379,10016.60,2.33,0,0,479.98
